id,release,source,start,end,closed,first_paid,feed,feed_before,feed_after,rows,sold,units_paid_orders,products,outside_before,outside_after,pending,hero,count,channels,channels_direct_spread,trail,waterfall,paid_units,paid_channel,framing,no_event,no_event_high,disagreement
abdulnasser_le_26,Abdulnasser Gharem · Hemisphere · 2026 Q3,orders,2026-06-23,2026-08-27,True,2026-07-23,20.0,0,0,20.0,20.0,20.0,20.0,0.0,0.0,0.0,20.0,20.0,20.0,20.0,20.0,20.0,6.7,6.7,20.0,0.0,False,
dali_le_26,Salvador Dali Estate · Multiple · 2026 Q3,orders,2026-08-19,2026-09-13,True,2026-08-19,1070.0,0,24.0,1070.0,1070.0,1070.0,1070.0,0.0,24.0,0.0,1070.0,1070.0,1069.9,1070.0,1070.0,1070.0,544.4,544.4,1070.0,0.0,False,
glennligon_le_26,Glenn Ligon · Multiple · 2026 Q3,orders,2026-07-31,2026-09-19,True,2026-08-14,150.0,0,1.0,150.0,150.0,150.0,150.0,0.0,1.0,0.0,150.0,150.0,150.0,149.9,150.0,150.0,10.1,10.1,150.0,0.0,False,
jamesjean_blossom_26,James Jean · Multiple · 2026 Q3,orders,2026-07-28,2026-08-22,True,2026-07-28,586.0,0,1.0,586.0,586.0,586.0,586.0,0.0,1.0,0.0,586.0,586.0,586.0,586.0,586.0,586.0,190.4,190.4,586.0,0.0,False,
julianschnabel_le_26,Julian Schnabel · Multiple · 2026 Q3,orders,2026-07-30,2026-09-24,False,2026-08-28,125.0,0,0,125.0,125.0,125.0,125.0,0.0,0.0,0.0,161.0,160.8,160.7,160.6,160.8,161.0,32.8,32.8,125.0,0.0,False,
mondrian_le_26,Piet Mondrian Estate · Multiple · 2026 Q3,orders,2026-06-23,2026-08-20,True,2026-07-22,876.0,0,13.0,876.0,876.0,876.0,876.0,0.0,13.0,0.0,876.0,876.0,875.9,875.9,876.0,876.0,222.6,222.6,876.0,0.0,False,
parra_le_26,Parra · Multiple · 2026 Q3,orders,2026-07-29,2026-08-23,True,2026-07-29,297.0,0,0,297.0,297.0,297.0,297.0,0.0,0.0,0.0,297.0,297.0,297.0,296.9,297.0,297.0,73.2,73.2,297.0,0.0,False,
warhol_le_26,Andy Warhol Estate · Multiple · 2026 Q3,orders,2026-09-01,2026-09-24,False,2026-09-01,698.0,0,0,698.0,698.0,698.0,698.0,0.0,0.0,0.0,898.0,897.6,897.6,897.5,897.6,898.0,415.9,415.9,698.0,0.0,False,
zengfanzhi_le_26,Zeng Fanzhi · Multiple · 2026 Q3,orders,2026-06-29,2026-08-28,True,2026-07-02,61.0,0,0,61.0,61.0,61.0,61.0,0.0,0.0,0.0,61.0,61.0,61.0,60.9,61.0,61.0,14.2,14.2,61.0,0.0,False,
a_lei_magesian_2022_q3,A-Lei · Magesian · 2022 Q3,funnel,2026-06-26,2026-09-24,False,,,,,,0.0,,,,,,0.0,0.0,0.0,,0.0,,0.0,0.0,,,,
aaron_johnson_suburban_dreams_2023_q2,Aaron Johnson · Suburban Dreams · 2023 Q2,funnel,2026-06-26,2026-09-24,False,,,,,,0.0,,,,,,0.0,0.0,0.0,,0.0,,0.0,0.0,,,,
adam_pendleton_multiple_2025_q1,Adam Pendleton · Multiple · 2025 Q1,orders,2024-11-26,2025-01-30,True,2024-12-12,10.0,0,0,10.0,10.0,10.0,10.0,0.0,0.0,0.0,10.0,10.0,10.0,10.0,10.0,,4.0,4.0,,0.0,False,
adriana_oliver_my_way_back_to_you_2022_q4,Adriana Oliver · My way back to you · 2022 Q4,funnel,2026-06-26,2026-09-24,False,,,,,,0.0,,,,,,0.0,0.0,0.0,,0.0,,0.0,0.0,,,,
adriana_oliver_our_day_2022_q2,Adriana Oliver · Our Day · 2022 Q2,funnel,2026-06-26,2026-09-24,False,,,,,,0.0,,,,,,0.0,0.0,0.0,,0.0,,0.0,0.0,,,,
ahmed_mater_multiple_2026_q3,Ahmed Mater · Multiple · 2026 Q3,orders,2026-06-17,2026-07-30,True,2026-07-01,32.0,0,4.0,32.0,32.0,32.0,32.0,0.0,4.0,0.0,32.0,32.0,32.0,32.1,32.0,,1.0,1.0,32.0,0.0,False,
ai_weiwei_arm_multiple_2026_q2,Ai Weiwei · Arm · Multiple · 2026 Q2,orders,2026-03-17,2026-04-24,True,2026-03-30,146.0,0,0,146.0,146.0,146.0,146.0,0.0,0.0,0.0,146.0,146.0,146.0,146.0,146.0,,27.6,27.6,,0.0,False,
ai_weiwei_glass_vase_2023_q3,Ai Weiwei · Glass Vase · 2023 Q3,orders,2026-06-26,2026-09-24,False,,0,301.0,0,,0.0,0.0,,301.0,0.0,0.0,0.0,0.0,0.0,,0.0,,0.0,0.0,,0.0,False,
ai_weiwei_multiple_2023_q2,Ai Weiwei · Multiple · 2023 Q2,orders,2026-06-26,2026-09-24,False,,0,309.0,0,,0.0,0.0,,309.0,0.0,0.0,0.0,0.0,0.0,,0.0,,0.0,0.0,,0.0,False,
ai_weiwei_multiple_2024_q4,Ai Weiwei · Multiple · 2024 Q4,orders,2024-11-06,2024-12-12,True,2024-11-18,199.0,0,5.0,199.0,199.0,199.0,199.0,0.0,5.0,0.0,199.0,199.0,198.9,199.0,198.99,,0.0,0.0,199.0,0.0,False,
ai_weiwei_multiple_2025_q4,Ai Weiwei · Multiple · 2025 Q4,orders,2025-10-08,2025-11-19,True,2025-10-20,148.0,0,1.0,148.0,148.0,148.0,148.0,0.0,1.0,0.0,148.0,148.0,148.0,147.9,148.0,,21.0,21.0,148.0,0.0,False,
ai_weiwei_multiple_2026_q3,Ai Weiwei · Multiple · 2026 Q3,orders,2026-08-14,2026-09-24,False,2026-08-26,19.0,0,0,19.0,19.0,19.0,19.0,0.0,0.0,0.0,21.0,21.0,21.0,20.9,21.0,,2.2,2.2,,0.0,False,
ai_weiwei_to_be_looked_at_2024_q4,Ai Weiwei · To Be Looked At... · 2024 Q4,orders,2024-09-28,2024-11-06,True,2024-09-28,186.0,13.0,2.0,186.0,186.0,186.0,186.0,13.0,2.0,0.0,186.0,186.0,186.0,186.0,186.0,,0.0,0.0,,0.0,False,
alex_katz_ada_ada_2025_q4,Alex Katz · Ada Ada · 2025 Q4,orders,2025-09-17,2025-11-01,True,2025-09-24,192.0,0,6.0,192.0,192.0,192.0,192.0,0.0,6.0,0.0,192.0,192.0,192.0,191.9,191.99,,47.5,47.5,192.0,0.0,False,
alfie_caine_multiple_2022_q3,Alfie Caine · Multiple · 2022 Q3,funnel,2026-06-26,2026-09-24,False,,,,,,0.0,,,,,,0.0,0.0,0.0,,0.0,,0.0,0.0,,,,
alpha_centauri_kid_warothy_2023_q4,Alpha Centauri Kid · Warothy · 2023 Q4,orders,2023-10-20,2023-11-24,True,2023-11-03,24.0,0,1.0,24.0,24.0,24.0,24.0,0.0,1.0,0.0,24.0,24.0,24.0,24.0,24.0,,0.0,0.0,,0.0,False,
amanda_baldwin_bell_bay_2023_q3,Amanda Baldwin · Bell Bay · 2023 Q3,funnel,2026-06-26,2026-09-24,False,,,,,,1.0,,,,,,1.0,1.0,1.0,,1.0,,0.0,0.0,,,,
amani_lewis_two_queens_ode_to_romare_bearden_2021_q3,Amani Lewis · TWO QUEENS: Ode to Romare Bearden · 2021 Q3,orders,2026-06-26,2026-09-24,False,,1.0,4.0,0,,1.0,1.0,,4.0,0.0,0.0,1.0,1.0,1.0,,1.0,,0.0,0.0,1.0,0.0,False,
amir_h_fallah_multiple_2022_q2,Amir H. Fallah · Multiple · 2022 Q2,funnel,2026-06-26,2026-09-24,False,,,,,,0.0,,,,,,0.0,0.0,0.0,,0.0,,0.0,0.0,,,,
angel_otero_broken_record_2022_q2,Angel Otero · Broken Record · 2022 Q2,funnel,2026-06-26,2026-09-24,False,,,,,,0.0,,,,,,0.0,0.0,0.0,,0.0,,0.0,0.0,,,,
anna_ridler_price_per_stem_2025_q1,Anna Ridler · Price Per Stem · 2025 Q1,funnel,2026-06-26,2026-09-24,False,,,,,,0.0,,,,,,0.0,0.0,0.0,,0.0,,0.0,0.0,,,,
anna_weyant_loose_screw_2022_q2,Anna Weyant · Loose Screw · 2022 Q2,orders,2026-06-26,2026-09-24,False,,0,2.0,0,,0.0,0.0,,2.0,0.0,0.0,0.0,0.0,0.0,,0.0,,0.0,0.0,,0.0,False,
anni_and_josef_albers_multiple_2026_q2,Anni and Josef Albers · Multiple · 2026 Q2,orders,2026-04-16,2026-05-30,True,2026-04-29,958.0,0,35.0,958.0,958.0,958.0,958.0,0.0,35.0,0.0,958.0,958.0,958.1,958.0,958.0,,333.8,333.8,958.0,0.0,False,
antony_micallef_portrait_of_francis_bacon_2024_q3,Antony Micallef · Portrait of Francis Bacon · 2024 Q3,orders,2024-07-23,2024-08-29,True,2024-08-01,49.0,0,3.0,49.0,49.0,49.0,49.0,0.0,3.0,0.0,49.0,49.0,48.9,49.0,49.0,,0.0,0.0,49.0,0.0,False,
antony_micallef_self_portrait_with_blue_slash_2026_q2,Antony Micallef · Self Portrait with Blue Slash · 2026 Q2,orders,2026-04-17,2026-05-31,True,2026-04-28,63.0,0,2.0,63.0,63.0,63.0,63.0,0.0,2.0,0.0,63.0,63.0,63.0,63.0,63.0,,3.0,3.0,63.0,0.0,False,
antony_micallef_self_portrait_with_yellow_lake_and_magenta_2025_q3,Antony Micallef · Self Portrait with Yellow Lake and Magenta · 2025 Q3,orders,2025-05-31,2025-07-31,True,2025-05-31,59.0,0,2.0,59.0,59.0,59.0,59.0,0.0,2.0,0.0,59.0,59.0,59.0,59.0,59.0,,0.0,0.0,59.0,0.0,False,
antony_micallef_the_union_of_animals_2022_q4,Antony Micallef · The Union of Animals · 2022 Q4,funnel,2026-06-26,2026-09-24,False,,,,,,0.0,,,,,,0.0,0.0,0.0,,0.0,,0.0,0.0,,,,
arghavan_khosravi_multiple_2022_q1,Arghavan Khosravi · Multiple · 2022 Q1,funnel,2026-06-26,2026-09-24,False,,,,,,0.0,,,,,,0.0,0.0,0.0,,0.0,,0.0,0.0,,,,
arghavan_khosravi_the_earring_2023_q4,Arghavan Khosravi · The Earring · 2023 Q4,orders,2023-09-14,2023-10-25,True,2023-09-27,20.0,0,2.0,20.0,20.0,20.0,20.0,0.0,2.0,0.0,20.0,20.0,20.0,19.9,20.0,,0.0,0.0,,0.0,False,
artspace_amphora_project_multiple_2025_q1,Artspace Amphora Project · Multiple · 2025 Q1,orders,2024-11-26,2025-01-30,True,2024-12-07,2.0,0,1.0,,2.0,2.0,,0.0,1.0,0.0,2.0,2.0,2.0,,2.0,,0.0,0.0,,0.0,False,
asuka_anastacia_ogawa_sleepy_2024_q2,Asuka Anastacia Ogawa · Sleepy · 2024 Q2,orders,2026-06-26,2026-09-24,False,,0,52.0,0,0.0,0.0,0.0,0.0,52.0,0.0,0.0,28.0,28.4,28.5,28.4,28.4,,3.0,3.0,,0.0,False,
aubrey_levinthal_bed_beach_2022_q1,Aubrey Levinthal · Bed/Beach · 2022 Q1,funnel,2026-06-26,2026-09-24,False,,,,,,0.0,,,,,,0.0,0.0,0.0,,0.0,,0.0,0.0,,,,
aya_takano_anthem_detail_2023_q1,Aya Takano · Anthem (Detail) · 2023 Q1,orders,2026-06-26,2026-09-24,False,,0,40.0,0,,0.0,0.0,,40.0,0.0,0.0,0.0,0.0,0.0,,0.0,,0.0,0.0,,0.0,False,
b_st_sunday_afternoon_2022_q4,Bäst · Sunday Afternoon · 2022 Q4,orders,2026-06-26,2026-09-24,False,,0,3.0,0,,0.0,0.0,,3.0,0.0,0.0,0.0,0.0,0.0,,0.0,,0.0,0.0,,0.0,False,
b_wing_multiple_2022_q3,b.wing · Multiple · 2022 Q3,funnel,2026-06-26,2026-09-24,False,,,,,,0.0,,,,,,0.0,0.0,0.0,,0.0,,0.0,0.0,,,,
backside_works_multiple_2026_q3,Backside works. · Multiple · 2026 Q3,orders,2026-06-18,2026-08-01,True,2026-06-29,87.0,0,10.0,87.0,87.0,87.0,87.0,0.0,10.0,0.0,87.0,87.0,87.0,86.9,87.0,,1.0,1.0,87.0,0.0,False,
baldur_helgason_menippean_satire_2024_q1,Baldur Helgason · Menippean Satire · 2024 Q1,orders,2026-06-26,2026-09-24,False,,0,49.0,0,0.0,0.0,0.0,0.0,49.0,0.0,0.0,0.0,0.0,0.0,,0.0,,0.0,0.0,,0.0,False,
baldur_helgason_picaresque_2022_q4,Baldur Helgason · Picaresque · 2022 Q4,orders,2026-06-26,2026-09-24,False,,0,3.0,0,,0.0,0.0,,3.0,0.0,0.0,0.0,0.0,0.0,,0.0,,0.0,0.0,,0.0,False,
bell_nakai_multiple_2022_q3,Bell Nakai · Multiple · 2022 Q3,funnel,2026-06-26,2026-09-24,False,,,,,,0.0,,,,,,0.0,0.0,0.0,,0.0,,0.0,0.0,,,,
benrei_huang_minority_rules_2024_q1,Benrei Huang · Minority Rules · 2024 Q1,orders,2026-06-26,2026-09-24,False,,0,40.0,0,,0.0,0.0,,40.0,0.0,0.0,0.0,0.0,0.0,,0.0,,0.0,0.0,,0.0,False,
bony_ramirez_toro_2023_q4,Bony Ramirez · TORO! · 2023 Q4,orders,2026-06-26,2026-09-24,False,,1.0,24.0,0,,1.0,1.0,,24.0,0.0,0.0,2.0,2.0,2.0,,2.0,,0.0,0.0,1.0,0.0,False,
bridget_mullen_multiple_2023_q3,Bridget Mullen · Multiple · 2023 Q3,orders,2026-06-26,2026-09-24,False,,0,3.0,0,,0.0,0.0,,3.0,0.0,0.0,0.0,0.0,0.0,,0.0,,0.0,0.0,,0.0,False,
cai_guo_qiang_multiple_2026_q4,Cai Guo-Qiang · Multiple · 2026 Q4,funnel,2026-09-10,2026-09-24,False,,,,,,0.0,,,,,,0.0,0.0,0.0,,0.0,,0.0,0.0,,,,
cai_guo_qiang_snow_lotus_no_1_2024_q1,Cai Guo-Qiang · Snow Lotus No. 1 · 2024 Q1,orders,2026-06-26,2026-09-24,False,,0,51.0,0,,0.0,0.0,,51.0,0.0,0.0,0.0,0.0,0.0,,0.0,,0.0,0.0,,0.0,False,
caleb_hahne_quintana_ourselves_scattered_parts_of_earth_2023_q1,Caleb Hahne Quintana · Ourselves Scattered Parts Of Earth · 2023 Q1,funnel,2026-06-26,2026-09-24,False,,,,,,0.0,,,,,,0.0,0.0,0.0,,0.0,,0.0,0.0,,,,
camilla_engstr_m_island_creators_2023_q4,Camilla Engström · Island Creators · 2023 Q4,orders,2023-09-26,2023-11-09,True,2023-10-13,46.0,0,4.0,46.0,46.0,46.0,46.0,0.0,4.0,0.0,46.0,46.0,46.1,46.0,46.0,,0.0,0.0,,0.0,False,
camilla_engstr_m_yellow_moon_2022_q3,Camilla Engström · Yellow Moon · 2022 Q3,orders,2026-06-26,2026-09-24,False,,0,1.0,0,,0.0,0.0,,1.0,0.0,0.0,0.0,0.0,0.0,,0.0,,0.0,0.0,,0.0,False,
che_lovelace_emerald_and_sun_dancers_2022_q3,Che Lovelace · Emerald and Sun Dancers · 2022 Q3,funnel,2026-06-26,2026-09-24,False,,,,,,0.0,,,,,,0.0,0.0,0.0,,0.0,,0.0,0.0,,,,
chen_wei_ting_poetic_fragments_2023_q2,Chen Wei Ting · Poetic fragments · 2023 Q2,funnel,2026-06-26,2026-09-24,False,,,,,,0.0,,,,,,0.0,0.0,0.0,,0.0,,0.0,0.0,,,,
chris_huen_sin_kan_joel_tess_and_haze_2023_q1,"Chris Huen Sin Kan · Joel, Tess and Haze · 2023 Q1",orders,2026-06-26,2026-09-24,False,,0,13.0,0,,0.0,0.0,,13.0,0.0,0.0,0.0,0.0,0.0,,0.0,,0.0,0.0,,0.0,False,
christian_rex_van_minnen_a_sweet_tiger_man_2021_q4,Christian Rex van Minnen · A Sweet Tiger Man · 2021 Q4,funnel,2026-06-26,2026-09-24,False,,,,,,0.0,,,,,,0.0,0.0,0.0,,0.0,,0.0,0.0,,,,
christian_rex_van_minnen_angry_feels_2021_q4,Christian Rex van Minnen · Angry Feels · 2021 Q4,funnel,2026-06-26,2026-09-24,False,,,,,,0.0,,,,,,0.0,0.0,0.0,,0.0,,0.0,0.0,,,,
christian_rex_van_minnen_deep_web_golden_bunny_2021_q4,Christian Rex van Minnen · Deep Web Golden Bunny · 2021 Q4,funnel,2026-06-26,2026-09-24,False,,,,,,0.0,,,,,,0.0,0.0,0.0,,0.0,,0.0,0.0,,,,
christian_rex_van_minnen_gm_bullish_2021_q4,Christian Rex van Minnen · GM Bullish · 2021 Q4,funnel,2026-06-26,2026-09-24,False,,,,,,0.0,,,,,,0.0,0.0,0.0,,0.0,,0.0,0.0,,,,
christian_rex_van_minnen_gn_bearish_2021_q4,Christian Rex van Minnen · GN Bearish · 2021 Q4,funnel,2026-06-26,2026-09-24,False,,,,,,0.0,,,,,,0.0,0.0,0.0,,0.0,,0.0,0.0,,,,
christian_rex_van_minnen_hello_fren_2021_q4,Christian Rex van Minnen · Hello Fren · 2021 Q4,funnel,2026-06-26,2026-09-24,False,,,,,,0.0,,,,,,0.0,0.0,0.0,,0.0,,0.0,0.0,,,,
christian_rex_van_minnen_multiple_2023_q2,Christian Rex van Minnen · Multiple · 2023 Q2,orders,2026-06-26,2026-09-24,False,,0,25.0,0,,0.0,0.0,,25.0,0.0,0.0,0.0,0.0,0.0,,0.0,,0.0,0.0,,0.0,False,
christian_rex_van_minnen_rare_hero_2021_q4,Christian Rex van Minnen · Rare Hero · 2021 Q4,funnel,2026-06-26,2026-09-24,False,,,,,,0.0,,,,,,0.0,0.0,0.0,,0.0,,0.0,0.0,,,,
christian_rex_van_minnen_the_expert_2021_q4,Christian Rex van Minnen · The Expert · 2021 Q4,funnel,2026-06-26,2026-09-24,False,,,,,,0.0,,,,,,0.0,0.0,0.0,,0.0,,0.0,0.0,,,,
christian_rex_van_minnen_very_thick_avatar_2021_q4,Christian Rex van Minnen · Very Thick Avatar · 2021 Q4,funnel,2026-06-26,2026-09-24,False,,,,,,0.0,,,,,,0.0,0.0,0.0,,0.0,,0.0,0.0,,,,
christian_rex_van_minnen_very_thin_avatar_2021_q4,Christian Rex van Minnen · Very Thin Avatar · 2021 Q4,funnel,2026-06-26,2026-09-24,False,,,,,,0.0,,,,,,0.0,0.0,0.0,,0.0,,0.0,0.0,,,,
cindy_sherman_untitled_2026_q2,Cindy Sherman · Untitled · 2026 Q2,orders,2026-04-30,2026-06-12,True,2026-05-13,493.0,0,2.0,493.0,493.0,493.0,493.0,0.0,2.0,0.0,493.0,493.0,493.0,492.8,492.99,,45.9,45.9,493.0,0.0,False,
claire_tabouret_paysage_d_int_rieur_printemps_2024_q4,Claire Tabouret · Paysage d’Intérieur (printemps) · 2024 Q4,orders,2024-11-01,2024-12-13,True,2024-11-01,46.0,0,4.0,,46.0,46.0,,0.0,4.0,0.0,46.0,46.0,46.0,46.0,46.0,,0.0,0.0,46.0,0.0,False,
clayton_schiff_visitor_2022_q3,Clayton Schiff · Visitor · 2022 Q3,funnel,2026-06-26,2026-09-24,False,,,,,,0.0,,,,,,0.0,0.0,0.0,,0.0,,0.0,0.0,,,,
cleon_peterson_multiple_2022_q2,Cleon Peterson · Multiple · 2022 Q2,funnel,2026-06-26,2026-09-24,False,,,,,,0.0,,,,,,0.0,0.0,0.0,,0.0,,0.0,0.0,,,,
cristina_de_miguel_tentacular_thinking_2024_q3,Cristina de Miguel · Tentacular Thinking · 2024 Q3,orders,2024-07-22,2024-09-06,True,2024-08-09,4.0,0,3.0,4.0,4.0,4.0,4.0,0.0,3.0,0.0,4.0,4.0,4.0,4.0,4.0,,0.0,0.0,4.0,0.0,False,
cristina_de_miguel_two_figures_in_the_wind_2022_q2,Cristina de Miguel · Two figures in the wind · 2022 Q2,funnel,2026-06-26,2026-09-24,False,,,,,,0.0,,,,,,0.0,0.0,0.0,,0.0,,0.0,0.0,,,,
cui_jie_shanghai_federation_of_industry_commerce_building_2023_q4,Cui Jie · Shanghai Federation of Industry & Commerce Building · 2023 Q4,orders,2026-06-26,2026-09-24,False,,0,13.0,0,,0.0,0.0,,13.0,0.0,0.0,0.0,0.0,0.0,,0.0,,0.0,0.0,,0.0,False,
dada_khanyisa_i_can_t_change_even_if_i_tried_2023_q1,"Dada Khanyisa · I can't change, even if I tried · 2023 Q1",funnel,2026-06-26,2026-09-24,False,,,,,,1.0,,,,,,1.0,1.0,1.0,,1.0,,0.0,0.0,,,,
daniel_crews_chubb_immortal_ii_turquoise_2023_q1,Daniel Crews-Chubb · Immortal II (turquoise) · 2023 Q1,funnel,2026-06-26,2026-09-24,False,,,,,,0.0,,,,,,0.0,0.0,0.0,,0.0,,0.0,0.0,,,,
danielle_mckinney_dream_catcher_2023_q1,Danielle Mckinney · Dream Catcher · 2023 Q1,orders,2026-06-26,2026-09-24,False,,0,30.0,0,,0.0,0.0,,30.0,0.0,0.0,0.0,0.0,0.0,,0.0,,0.0,0.0,,0.0,False,
danielle_mckinney_shelter_2024_q3,Danielle Mckinney · Shelter · 2024 Q3,orders,2024-08-07,2024-09-13,True,2024-08-20,97.0,0,5.0,97.0,97.0,97.0,97.0,0.0,5.0,0.0,97.0,97.0,96.9,96.9,97.0,,0.0,0.0,97.0,0.0,False,
danielle_orchard_a_warm_garden_2023_q2,Danielle Orchard · A Warm Garden · 2023 Q2,funnel,2026-06-26,2026-09-24,False,,,,,,1.0,,,,,,1.0,1.0,1.0,,1.0,,0.0,0.0,,,,
darren_romanelli_cactus_man_vessel_2022_q1,Darren Romanelli · Cactus Man Vessel · 2022 Q1,funnel,2026-06-26,2026-09-24,False,,,,,,0.0,,,,,,0.0,0.0,0.0,,0.0,,0.0,0.0,,,,
david_wojnarowicz_estate_multiple_2026_q4,David Wojnarowicz Estate · Multiple · 2026 Q4,,,,,,,,,,,,,,,,0.0,,,,,,,,,,,
dawnia_darkstone_digital_chemicals_2024_q1,Dawnia Darkstone · Digital Chemicals · 2024 Q1,funnel,2026-06-26,2026-09-24,False,,,,,5.0,0.0,,,,,,0.0,0.0,0.0,,0.0,,0.0,0.0,,,,
deborah_brown_march_snowstorm_2023_q2,Deborah Brown · March Snowstorm · 2023 Q2,funnel,2026-06-26,2026-09-24,False,,,,,,1.0,,,,,,1.0,1.0,1.0,,1.0,,0.0,0.0,,,,
deborah_segun_multiple_2023_q2,Deborah Segun · Multiple · 2023 Q2,funnel,2026-06-26,2026-09-24,False,,,,,,0.0,,,,,,0.0,0.0,0.0,,0.0,,0.0,0.0,,,,
deekay_love_ripples_2024_q1,DeeKay · Love Ripples · 2024 Q1,orders,2026-06-26,2026-09-24,False,,0,32.0,0,0.0,0.0,0.0,0.0,32.0,0.0,0.0,30.0,30.0,30.0,30.1,30.0,,26.3,26.3,,0.0,False,
dennis_osadebe_in_search_for_light_2023_q4,Dennis Osadebe · In Search For Light · 2023 Q4,funnel,2023-10-30,2023-12-02,True,,,,,49.0,49.0,,,,,,49.0,49.0,49.0,49.0,49.0,,0.0,0.0,,,,
dennis_osadebe_the_people_s_promise_2022_q4,Dennis Osadebe · The People's Promise · 2022 Q4,funnel,2026-06-26,2026-09-24,False,,,,,,0.0,,,,,,0.0,0.0,0.0,,0.0,,0.0,0.0,,,,
derek_fordjour_multiple_2025_q1,Derek Fordjour · Multiple · 2025 Q1,orders,2024-11-26,2025-01-30,True,2024-12-06,26.0,0,0,26.0,26.0,26.0,26.0,0.0,0.0,0.0,26.0,26.0,26.0,26.0,26.0,,1.0,1.0,,0.0,False,
devan_shimoyama_le_mat_2023_q4,Devan Shimoyama · Le Mat · 2023 Q4,orders,2026-06-26,2026-09-24,False,,0,16.0,0,,0.0,0.0,,16.0,0.0,0.0,0.0,0.0,0.0,,0.0,,0.0,0.0,,0.0,False,
dominique_fung_handheld_fan_2025_q3,Dominique Fung · Handheld Fan · 2025 Q3,orders,2025-06-10,2025-07-24,True,2025-06-26,35.0,2.0,0,35.0,35.0,35.0,35.0,2.0,0.0,0.0,35.0,35.0,35.0,35.0,35.0,,0.0,0.0,35.0,0.0,False,
drift_proto_nature_i_2026_q1,DRIFT · Proto Nature I · 2026 Q1,orders,2026-02-06,2026-03-21,True,2026-02-25,18.0,0,4.0,18.0,18.0,18.0,18.0,0.0,4.0,0.0,18.0,18.0,18.0,18.0,18.0,,0.0,0.0,,0.0,False,
drift_sine_2022_q3,DRIFT · Sine · 2022 Q3,funnel,2026-06-26,2026-09-24,False,,,,,,0.0,,,,,,0.0,0.0,0.0,,0.0,,0.0,0.0,,,,
eddie_martinez_olive_garden_2026_q2,Eddie Martinez · Olive Garden · 2026 Q2,orders,2026-04-10,2026-05-24,True,2026-04-22,97.0,0,4.0,97.0,97.0,97.0,97.0,0.0,4.0,0.0,97.0,97.0,97.0,97.1,97.0,,6.2,6.2,97.0,0.0,False,
eddie_martinez_scaffold_2024_q2,Eddie Martinez · Scaffold · 2024 Q2,orders,2026-06-26,2026-09-24,False,,1.0,199.0,0,1.0,1.0,1.0,1.0,199.0,0.0,0.0,8.0,8.4,8.4,,8.4,,0.0,0.0,1.0,0.0,False,
ekene_emeka_maduka_tinko_tinko_in_pretty_aunty_give_me_cake_2021_q3,"Ekene Emeka-Maduka · Tinko, Tinko in pretty aunty-give-me-cake · 2021 Q3",funnel,2026-06-26,2026-09-24,False,,,,,,0.0,,,,,,0.0,0.0,0.0,,0.0,,0.0,0.0,,,,
elmgreen_dragset_the_observer_2021_q4,Elmgreen & Dragset · The Observer · 2021 Q4,funnel,2026-06-26,2026-09-24,False,,,,,,0.0,,,,,,0.0,0.0,0.0,,0.0,,0.0,0.0,,,,
emily_xie_guardian_lion_2024_q1,Emily Xie · Guardian Lion · 2024 Q1,orders,2026-06-26,2026-09-24,False,,0,31.0,0,0.0,0.0,0.0,0.0,31.0,0.0,0.0,27.0,27.2,27.2,27.2,27.2,,17.6,17.6,,0.0,False,
en_iwamura_multiple_2025_q3,En Iwamura · Multiple · 2025 Q3,orders,2025-07-18,2025-08-29,True,2025-08-01,33.0,0,0,33.0,33.0,33.0,33.0,0.0,0.0,0.0,33.0,33.0,33.0,32.9,33.0,,7.0,7.0,,0.0,False,
erik_parker_multiple_2022_q3,Erik Parker · Multiple · 2022 Q3,funnel,2026-06-26,2026-09-24,False,,,,,,0.0,,,,,,0.0,0.0,0.0,,0.0,,0.0,0.0,,,,
esiri_erheriene_essi_multiple_2022_q1,Esiri Erheriene-Essi · Multiple · 2022 Q1,orders,2026-06-26,2026-09-24,False,,0,5.0,0,,0.0,0.0,,5.0,0.0,0.0,0.0,0.0,0.0,,0.0,,0.0,0.0,,0.0,False,
face_oka_multiple_2022_q3,Face Oka · Multiple · 2022 Q3,funnel,2026-06-26,2026-09-24,False,,,,,,0.0,,,,,,0.0,0.0,0.0,,0.0,,0.0,0.0,,,,
felipe_pantone_subtractive_variability_dimensional_13_aa_2026_q2,Felipe Pantone · Subtractive Variability Dimensional 13 AA · 2026 Q2,orders,2026-05-08,2026-06-21,True,2026-05-20,51.0,0,102.0,51.0,51.0,51.0,51.0,0.0,102.0,0.0,51.0,51.0,50.9,50.9,51.0,,0.0,0.0,,0.0,False,
felix_treadwell_kindred_spirit_2022_q4,Felix Treadwell · Kindred Spirit · 2022 Q4,funnel,2026-06-26,2026-09-24,False,,,,,,0.0,,,,,,0.0,0.0,0.0,,0.0,,0.0,0.0,,,,
felix_treadwell_silent_commuter_2022_q1,Felix Treadwell · Silent Commuter · 2022 Q1,funnel,2026-06-26,2026-09-24,False,,,,,,0.0,,,,,,0.0,0.0,0.0,,0.0,,0.0,0.0,,,,
ferrari_sheppard_iris_2025_q2,Ferrari Sheppard · Iris · 2025 Q2,orders,2025-03-21,2025-05-03,True,2025-04-01,75.0,0,1.0,75.0,75.0,75.0,75.0,0.0,1.0,0.0,75.0,75.0,75.0,75.0,75.0,,0.0,0.0,75.0,0.0,False,
ferrari_sheppard_put_some_red_on_it_2026_q1,Ferrari Sheppard · Put Some Red On It · 2026 Q1,orders,2025-12-19,2026-01-31,True,2025-12-19,101.0,0,0,101.0,101.0,101.0,101.0,0.0,0.0,0.0,101.0,101.0,101.0,100.9,100.99,,19.5,19.5,101.0,0.0,False,
friedrich_kunath_this_is_the_worst_time_of_my_life_2022_q4,Friedrich Kunath · This Is The Worst Time Of My Life · 2022 Q4,funnel,2026-06-26,2026-09-24,False,,,,,,1.0,,,,,,1.0,1.0,1.0,,1.0,,0.0,0.0,,,,
futura_multiple_2022_q4,FUTURA · Multiple · 2022 Q4,funnel,2026-06-26,2026-09-24,False,,,,,,0.0,,,,,,0.0,0.0,0.0,,0.0,,0.0,0.0,,,,
fvckrender_feel_2022_q4,Fvckrender · FEEL// · 2022 Q4,funnel,2026-06-26,2026-09-24,False,,,,,,0.0,,,,,,0.0,0.0,0.0,,0.0,,0.0,0.0,,,,
fvckrender_touched_2022_q4,Fvckrender · TOUCHED// · 2022 Q4,funnel,2026-06-26,2026-09-24,False,,,,,,0.0,,,,,,0.0,0.0,0.0,,0.0,,0.0,0.0,,,,
george_condo_fashion_model_2025_q1,George Condo · Fashion Model · 2025 Q1,orders,2025-01-01,2025-02-20,True,2025-01-15,136.0,0,14.0,136.0,136.0,136.0,136.0,0.0,14.0,0.0,136.0,136.0,136.0,135.9,136.0,,1.0,1.0,136.0,0.0,False,
george_condo_fashion_model_ap_2025_q1,George Condo · Fashion Model AP · 2025 Q1,orders,2025-01-01,2025-02-20,True,,0,0,8.0,,0.0,0.0,,0.0,8.0,0.0,0.0,0.0,0.0,,0.0,,0.0,0.0,,0.0,False,
george_condo_multiple_2024_q1,George Condo · Multiple · 2024 Q1,orders,2026-06-26,2026-09-24,False,,0,487.0,0,0.0,0.0,0.0,0.0,487.0,0.0,0.0,301.0,301.0,301.0,301.0,301.0,,35.0,35.0,,0.0,False,
george_rouy_keeping_it_for_myself_2022_q1,George Rouy · Keeping it for Myself · 2022 Q1,orders,2026-06-26,2026-09-24,False,,0,2.0,0,,0.0,0.0,,2.0,0.0,0.0,0.0,0.0,0.0,,0.0,,0.0,0.0,,0.0,False,
george_rouy_tearing_of_the_savage_breast_2022_q4,George Rouy · Tearing of the Savage Breast · 2022 Q4,orders,2026-06-26,2026-09-24,False,,0,3.0,0,,0.0,0.0,,3.0,0.0,0.0,0.0,0.0,0.0,,0.0,,0.0,0.0,,0.0,False,
gina_beavers_painting_hearts_and_ab_exers_on_my_lips_2022_q2,Gina Beavers · Painting hearts and Ab-Exers on my lips · 2022 Q2,funnel,2026-06-26,2026-09-24,False,,,,,,0.0,,,,,,0.0,0.0,0.0,,0.0,,0.0,0.0,,,,
giorgiko_unacquainted_friends_2023_q4,Giorgiko · Unacquainted Friends · 2023 Q4,orders,2026-06-26,2026-09-24,False,,0,1.0,0,,0.0,0.0,,1.0,0.0,0.0,0.0,0.0,0.0,,0.0,,0.0,0.0,,0.0,False,
gisela_mcdaniel_are_you_watching_2022_q1,Gisela McDaniel · Are you watching? · 2022 Q1,orders,2026-06-26,2026-09-24,False,,0,1.0,0,,0.0,0.0,,1.0,0.0,0.0,0.0,0.0,0.0,,0.0,,0.0,0.0,,0.0,False,
giuseppe_penone_multiple_2026_q3,Giuseppe Penone · Multiple · 2026 Q3,orders,2026-06-03,2026-07-18,True,2026-06-15,23.0,0,0,23.0,23.0,23.0,23.0,0.0,0.0,0.0,23.0,23.0,23.0,23.0,23.0,,3.0,3.0,23.0,0.0,False,
grant_levy_lucero_de_la_rosa_dulcer_a_la_moderna_2023_q2,"Grant Levy-Lucero · de la Rosa, Dulcería La Moderna · 2023 Q2",orders,2026-06-26,2026-09-24,False,,0,11.0,0,,0.0,0.0,,11.0,0.0,0.0,0.0,0.0,0.0,,0.0,,0.0,0.0,,0.0,False,
grant_riven_yun_en_route_2022_q4,Grant Riven Yun · En Route · 2022 Q4,funnel,2026-06-26,2026-09-24,False,,,,,,0.0,,,,,,0.0,0.0,0.0,,0.0,,0.0,0.0,,,,
grant_riven_yun_fall_2023_q2,Grant Riven Yun · Fall · 2023 Q2,orders,2026-06-26,2026-09-24,False,,0,37.0,0,,0.0,0.0,,37.0,0.0,0.0,0.0,0.0,0.0,,0.0,,0.0,0.0,,0.0,False,
grant_riven_yun_high_fly_over_the_valley_2026_q2,Grant Riven Yun · High Fly Over the Valley · 2026 Q2,orders,2026-02-20,2026-04-10,True,2026-02-20,18.0,0,0,18.0,18.0,18.0,18.0,0.0,0.0,0.0,18.0,18.0,18.0,18.0,18.0,,0.0,0.0,18.0,0.0,False,
grant_riven_yun_multiple_2023_q3,Grant Riven Yun · Multiple · 2023 Q3,orders,2026-06-26,2026-09-24,False,,0,1.0,0,,0.0,0.0,,1.0,0.0,0.0,0.0,0.0,0.0,,0.0,,0.0,0.0,,0.0,False,
grayson_perry_magical_thinking_large_2025_q2,Grayson Perry · Magical Thinking (Large) · 2025 Q2,orders,2025-02-27,2025-04-18,True,2025-04-01,2.0,0,4.0,,2.0,2.0,,0.0,4.0,0.0,2.0,2.0,2.0,,2.0,,0.0,0.0,2.0,0.0,False,
guimi_you_point_reyes_2022_q4,Guimi You · Point Reyes · 2022 Q4,orders,2026-06-26,2026-09-24,False,,0,2.0,0,,0.0,0.0,,2.0,0.0,0.0,0.0,0.0,0.0,,0.0,,0.0,0.0,,0.0,False,
hajime_sorayama_untitled_2025_q2,Hajime Sorayama · Untitled · 2025 Q2,orders,2025-02-24,2025-04-09,True,2025-03-07,454.0,0,13.0,454.0,454.0,454.0,454.0,0.0,13.0,0.0,454.0,454.0,454.1,454.0,454.01,,165.3,165.3,454.0,0.0,False,
hank_willis_thomas_success_is_no_accident_2026_q2,Hank Willis Thomas · “Success is no accident.” · 2026 Q2,orders,2026-05-25,2026-07-02,True,2026-06-05,289.0,0,8.0,289.0,289.0,289.0,289.0,0.0,8.0,0.0,289.0,289.0,289.0,289.1,289.0,,86.9,86.9,289.0,0.0,False,
harland_miller_multiple_2025_q1,Harland Miller · Multiple · 2025 Q1,orders,2024-11-26,2025-01-30,True,2024-12-05,20.0,0,0,20.0,20.0,20.0,20.0,0.0,0.0,0.0,20.0,20.0,20.0,20.1,20.0,,9.0,9.0,,0.0,False,
harland_miller_multiple_2025_q3,Harland Miller · Multiple · 2025 Q3,orders,2025-08-15,2025-10-02,True,2025-08-23,109.0,0,9.0,109.0,109.0,109.0,109.0,0.0,9.0,0.0,109.0,109.0,109.0,109.0,109.0,,0.0,0.0,109.0,0.0,False,
harland_miller_york_so_good_they_named_it_once_2025_q2,Harland Miller · York So Good They Named It Once · 2025 Q2,orders,2025-03-03,2025-04-16,True,2025-03-13,49.0,0,3.0,49.0,49.0,49.0,49.0,0.0,3.0,0.0,49.0,49.0,49.1,49.0,49.0,,2.1,2.1,49.0,0.0,False,
haroshi_james_jean_multiple_2023_q3,Haroshi & James Jean · Multiple · 2023 Q3,funnel,2026-06-26,2026-09-24,False,,,,,,0.0,,,,,,0.0,0.0,0.0,,0.0,,0.0,0.0,,,,
haroshi_multiple_2022_q4,Haroshi · Multiple · 2022 Q4,funnel,2026-06-26,2026-09-24,False,,,,,,0.0,,,,,,0.0,0.0,0.0,,0.0,,0.0,0.0,,,,
hassan_hajjaj_yazid_rania_2021_q3,Hassan Hajjaj · Yazid & Rania · 2021 Q3,orders,2026-06-26,2026-09-24,False,,1.0,9.0,0,,1.0,1.0,,9.0,0.0,0.0,1.0,1.0,1.0,1.0,1.0,,0.0,0.0,1.0,0.0,False,
hebru_brantley_free_advice_2022_q2,Hebru Brantley · Free Advice · 2022 Q2,orders,2026-06-26,2026-09-24,False,,0,4.0,0,,0.0,0.0,,4.0,0.0,0.0,0.0,0.0,0.0,,0.0,,0.0,0.0,,0.0,False,
hebru_brantley_free_advice_large_2022_q1,Hebru Brantley · Free Advice (Large) · 2022 Q1,orders,2026-06-26,2026-09-24,False,,0,1.0,0,,0.0,0.0,,1.0,0.0,0.0,0.0,0.0,0.0,,0.0,,0.0,0.0,,0.0,False,
hein_koh_reclining_carrot_2022_q3,Hein Koh · Reclining Carrot · 2022 Q3,funnel,2026-06-26,2026-09-24,False,,,,,,0.0,,,,,,0.0,0.0,0.0,,0.0,,0.0,0.0,,,,
hideaki_kawashima_multiple_2022_q1,Hideaki Kawashima · Multiple · 2022 Q1,funnel,2026-06-26,2026-09-24,False,,,,,,0.0,,,,,,0.0,0.0,0.0,,0.0,,0.0,0.0,,,,
hideaki_kawashima_multiple_2023_q4,Hideaki Kawashima · Multiple · 2023 Q4,orders,2026-06-26,2026-09-24,False,,0,19.0,0,,0.0,0.0,,19.0,0.0,0.0,0.0,0.0,0.0,,0.0,,0.0,0.0,,0.0,False,
hikari_shimoda_children_of_this_planet_38_2023_q2,Hikari Shimoda · Children of this Planet #38 · 2023 Q2,funnel,2026-06-26,2026-09-24,False,,,,,,0.0,,,,,,0.0,0.0,0.0,,0.0,,0.0,0.0,,,,
hilary_pecis_multiple_2025_q1,Hilary Pecis · Multiple · 2025 Q1,orders,2024-11-26,2025-01-30,True,2024-12-05,26.0,0,0,26.0,26.0,26.0,26.0,0.0,0.0,0.0,26.0,26.0,25.9,25.9,26.0,,1.6,1.6,,0.0,False,
hiroya_kurata_lemonhead_2023_q4,Hiroya Kurata · Lemonhead · 2023 Q4,orders,2026-06-26,2026-09-24,False,,0,17.0,0,,0.0,0.0,,17.0,0.0,0.0,0.0,0.0,0.0,,0.0,,0.0,0.0,,0.0,False,
hyangmok_baik_i_know_what_you_did_last_summer_2023_q1,Hyangmok Baik · I Know What You Did Last Summer · 2023 Q1,orders,2026-06-26,2026-09-24,False,,0,50.0,0,,0.0,0.0,,50.0,0.0,0.0,0.0,0.0,0.0,,0.0,,0.0,0.0,,0.0,False,
imon_boy_multiple_2022_q2,Imon Boy · Multiple · 2022 Q2,funnel,2026-06-26,2026-09-24,False,,,,,,0.0,,,,,,0.0,0.0,0.0,,0.0,,0.0,0.0,,,,
iskra_velitchkova_eyenessless_2024_q3,Iskra Velitchkova · EYENESSLESS · 2024 Q3,orders,2024-08-14,2024-09-12,True,2024-08-27,8.0,0,0,8.0,8.0,8.0,8.0,0.0,0.0,0.0,8.0,8.0,8.0,,8.0,,0.0,0.0,8.0,0.0,False,
jack_kaido_icymi_2024_2024_q4,"Jack Kaido · ICYMI, 2024 · 2024 Q4",orders,2024-10-02,2024-11-02,True,2024-10-28,20.0,0,0,20.0,20.0,20.0,20.0,0.0,0.0,0.0,20.0,20.0,19.9,,20.0,,0.0,0.0,20.0,0.0,False,
jaime_mu_oz_self_portrait_2022_q3,Jaime Muñoz · Self Portrait · 2022 Q3,funnel,2026-06-26,2026-09-24,False,,,,,,0.0,,,,,,0.0,0.0,0.0,,0.0,,0.0,0.0,,,,
jake_fried_open_eyes_flower_2023_q3,Jake Fried · Open Eyes (Flower) · 2023 Q3,funnel,2026-06-26,2026-09-24,False,,,,,,0.0,,,,,,0.0,0.0,0.0,,0.0,,0.0,0.0,,,,
jake_fried_open_eyes_signal_2024_q1,Jake Fried · Open Eyes (Signal) · 2024 Q1,funnel,2026-06-26,2026-09-24,False,,,,,17.0,0.0,,,,,,1.0,0.8,0.8,,0.8,,0.0,0.0,,,,
james_jarvis_hang_in_there_2025_q3,James Jarvis · Hang in there! · 2025 Q3,orders,2025-06-18,2025-07-31,True,2025-06-27,146.0,0,4.0,146.0,146.0,146.0,146.0,0.0,4.0,0.0,146.0,146.0,146.0,146.0,146.0,,37.3,37.3,,0.0,False,
james_jean_bath_saxum_2022_q4,James Jean · Bath Saxum · 2022 Q4,funnel,2026-06-26,2026-09-24,False,,,,,,0.0,,,,,,0.0,0.0,0.0,,0.0,,0.0,0.0,,,,
james_jean_maze_print_2022_q4,James Jean · Maze (Print) · 2022 Q4,orders,2026-06-26,2026-09-24,False,,0,3.0,0,,0.0,0.0,,3.0,0.0,0.0,0.0,0.0,0.0,,0.0,,0.0,0.0,,0.0,False,
james_jean_woodcutter_bronze_2022_q2,James Jean · Woodcutter (Bronze) · 2022 Q2,orders,2026-06-26,2026-09-24,False,,0,1.0,0,,0.0,0.0,,1.0,0.0,0.0,0.0,0.0,0.0,,0.0,,0.0,0.0,,0.0,False,
jammie_holmes_fred_2025_q1,Jammie Holmes · Fred · 2025 Q1,orders,2025-01-21,2025-03-06,True,2025-02-04,71.0,0,4.0,71.0,71.0,71.0,71.0,0.0,4.0,0.0,71.0,71.0,71.0,71.0,71.0,,1.1,1.1,71.0,0.0,False,
jang_koal_umma_2022_q4,Jang Koal · Umma · 2022 Q4,funnel,2026-06-26,2026-09-24,False,,,,,,0.0,,,,,,0.0,0.0,0.0,,0.0,,0.0,0.0,,,,
jaume_plensa_utopia_2026_q3,Jaume Plensa · UTOPIA · 2026 Q3,orders,2026-06-23,2026-07-31,True,2026-07-06,61.0,0,157.0,61.0,61.0,61.0,61.0,0.0,157.0,0.0,61.0,61.0,61.0,61.0,61.0,,23.0,23.0,61.0,0.0,False,
javier_calleja_multiple_2024_q2,Javier Calleja · Multiple · 2024 Q2,orders,2026-06-26,2026-09-24,False,,0,265.0,0,0.0,0.0,0.0,0.0,265.0,0.0,0.0,0.0,0.0,0.0,,0.0,,0.0,0.0,,0.0,False,
jean_michel_othoniel_lotus_of_hope_2021_q4,Jean-Michel Othoniel · Lotus of Hope · 2021 Q4,orders,2026-06-26,2026-09-24,False,,0,2.0,0,,0.0,0.0,,2.0,0.0,0.0,0.0,0.0,0.0,,0.0,,0.0,0.0,,0.0,False,
jean_michel_othoniel_multiple_2026_q1,Jean-Michel Othoniel · Multiple · 2026 Q1,orders,2026-01-19,2026-03-05,True,2026-01-30,119.0,0,2.0,119.0,119.0,119.0,119.0,0.0,2.0,0.0,119.0,119.0,119.0,119.1,119.0,,44.3,44.3,,0.0,False,
jeff_koons_multiple_2026_q1,Jeff Koons · Multiple · 2026 Q1,orders,2026-02-04,2026-03-19,True,2026-02-17,464.0,0,47.0,464.0,464.0,464.0,464.0,0.0,47.0,0.0,464.0,464.0,464.1,464.0,464.0,,113.7,113.7,,0.0,False,
jen_stark_dichroic_mandala_2022_q4,Jen Stark · Dichroic Mandala · 2022 Q4,funnel,2026-06-26,2026-09-24,False,,,,,,1.0,,,,,,1.0,1.0,1.0,,1.0,,0.0,0.0,,,,
jen_stark_in_between_space_2021_q3,Jen Stark · In Between Space · 2021 Q3,funnel,2026-06-26,2026-09-24,False,,,,,,0.0,,,,,,0.0,0.0,0.0,,0.0,,0.0,0.0,,,,
jen_stark_shape_shift_2022_q3,Jen Stark · Shape Shift · 2022 Q3,funnel,2026-06-26,2026-09-24,False,,,,,,0.0,,,,,,0.0,0.0,0.0,,0.0,,0.0,0.0,,,,
jenna_gribbon_glaring_shade_2023_q2,Jenna Gribbon · Glaring Shade · 2023 Q2,orders,2026-06-26,2026-09-24,False,,0,12.0,0,,0.0,0.0,,12.0,0.0,0.0,0.0,0.0,0.0,,0.0,,0.0,0.0,,0.0,False,
jenny_holzer_multiple_2025_q1,Jenny Holzer · Multiple · 2025 Q1,orders,2024-11-26,2025-01-30,True,2024-12-05,20.0,0,1.0,20.0,20.0,20.0,20.0,0.0,1.0,0.0,20.0,20.0,20.0,20.0,20.01,,7.1,7.1,,0.0,False,
jessie_makinson_multiple_2022_q1,Jessie Makinson · Multiple · 2022 Q1,orders,2026-06-26,2026-09-24,False,,0,5.0,0,,0.0,0.0,,5.0,0.0,0.0,0.0,0.0,0.0,,0.0,,0.0,0.0,,0.0,False,
jia_aili_multiple_2022_q2,Jia Aili · Multiple · 2022 Q2,funnel,2026-06-26,2026-09-24,False,,,,,,0.0,,,,,,0.0,0.0,0.0,,0.0,,0.0,0.0,,,,
joakim_ojanen_multiple_2022_q3,Joakim Ojanen · Multiple · 2022 Q3,orders,2026-06-26,2026-09-24,False,,0,2.0,0,,0.0,0.0,,2.0,0.0,0.0,0.0,0.0,0.0,,0.0,,0.0,0.0,,0.0,False,
joakim_ojanen_spending_the_day_on_a_stone_pink_2023_q1,Joakim Ojanen · SPENDING THE DAY ON A STONE (Pink) · 2023 Q1,funnel,2026-06-26,2026-09-24,False,,,,,,0.0,,,,,,0.0,0.0,0.0,,0.0,,0.0,0.0,,,,
joakim_ojanen_the_dance_we_dance_when_we_are_together_2026_q1,Joakim Ojanen · The dance we dance when we are together · 2026 Q1,orders,2025-12-02,2026-01-24,True,2025-12-12,50.0,0,0,50.0,50.0,50.0,50.0,0.0,0.0,0.0,50.0,50.0,50.0,50.0,50.0,,13.0,13.0,50.0,0.0,False,
johnson_tsang_alliance_2026_q2,Johnson Tsang · Alliance · 2026 Q2,orders,2026-05-21,2026-06-13,True,2026-05-29,94.0,0,105.0,94.0,94.0,94.0,94.0,0.0,105.0,0.0,94.0,94.0,94.0,94.0,94.0,,6.0,6.0,,0.0,False,
johnson_tsang_multiple_2022_q1,Johnson Tsang · Multiple · 2022 Q1,orders,2026-06-26,2026-09-24,False,,0,52.0,0,,0.0,0.0,,52.0,0.0,0.0,0.0,0.0,0.0,,0.0,,0.0,0.0,,0.0,False,
johnson_tsang_multiple_2023_q3,Johnson Tsang · Multiple · 2023 Q3,funnel,2026-06-26,2026-09-24,False,,,,,,0.0,,,,,,0.0,0.0,0.0,,0.0,,0.0,0.0,,,,
johnson_tsang_open_the_right_mind_2023_q4,Johnson Tsang · Open the Right Mind · 2023 Q4,orders,2023-09-11,2023-10-27,True,2023-09-26,98.0,0,6.0,98.0,98.0,98.0,98.0,0.0,6.0,0.0,98.0,98.0,98.0,97.9,98.0,,0.0,0.0,,0.0,False,
johnson_tsang_remembrance_2025_q3,Johnson Tsang · Remembrance · 2025 Q3,orders,2025-06-30,2025-08-16,True,2025-07-07,147.0,0,4.0,147.0,147.0,147.0,147.0,0.0,4.0,0.0,147.0,147.0,147.0,147.0,146.99,,34.9,34.9,,0.0,False,
johnson_tsang_searching_for_spring_2022_q2,Johnson Tsang · Searching for Spring · 2022 Q2,orders,2026-06-26,2026-09-24,False,,0,4.0,0,,0.0,0.0,,4.0,0.0,0.0,0.0,0.0,0.0,,0.0,,0.0,0.0,,0.0,False,
johnson_tsang_the_moment_2024_q4,Johnson Tsang · The Moment · 2024 Q4,orders,2024-08-28,2024-10-11,True,2024-09-10,247.0,0,5.0,247.0,247.0,247.0,247.0,0.0,5.0,0.0,247.0,247.0,247.0,247.0,247.0,,23.4,23.4,,0.0,False,
johnson_tsang_work_in_progress_2026_q1,Johnson Tsang · Work in Progress · 2026 Q1,orders,2025-12-04,2026-01-25,True,2025-12-17,148.0,0,2.0,148.0,148.0,148.0,148.0,0.0,2.0,0.0,148.0,148.0,147.9,148.0,148.0,,4.1,4.1,,0.0,False,
jonny_niesche_diamond_vibration_caught_by_the_fuzz_2023_q4,Jonny Niesche · Diamond Vibration (Caught by the fuzz) · 2023 Q4,orders,2023-10-09,2023-11-16,True,2023-10-25,48.0,0,3.0,48.0,48.0,48.0,48.0,0.0,3.0,0.0,48.0,48.0,48.0,48.1,48.0,,0.0,0.0,,0.0,False,
jonny_niesche_moon_moth_lust_in_warm_copper_2022_q4,Jonny Niesche · moon moth lust in warm copper · 2022 Q4,orders,2026-06-26,2026-09-24,False,,0,3.0,0,,0.0,0.0,,3.0,0.0,0.0,0.0,0.0,0.0,,0.0,,0.0,0.0,,0.0,False,
jonny_niesche_moon_moth_lust_in_warm_copper_ap_2022_q4,Jonny Niesche · moon moth lust in warm copper AP · 2022 Q4,orders,2026-06-26,2026-09-24,False,,0,1.0,0,,0.0,0.0,,1.0,0.0,0.0,0.0,0.0,0.0,,0.0,,0.0,0.0,,0.0,False,
jordan_casteel_multiple_2025_q1,Jordan Casteel · Multiple · 2025 Q1,orders,2024-11-26,2025-01-30,True,2024-12-06,20.0,0,0,20.0,20.0,20.0,20.0,0.0,0.0,0.0,20.0,20.0,20.0,20.1,20.0,,3.8,3.8,,0.0,False,
jordi_ribes_multiple_2022_q3,Jordi Ribes · Multiple · 2022 Q3,funnel,2026-06-26,2026-09-24,False,,,,,,0.0,,,,,,0.0,0.0,0.0,,0.0,,0.0,0.0,,,,
jos_parl_multiple_2024_q4,José Parlá · Multiple · 2024 Q4,orders,2024-10-28,2024-12-04,True,2024-11-01,98.0,0,4.0,98.0,98.0,98.0,98.0,0.0,4.0,0.0,98.0,98.0,98.0,98.0,98.0,,0.0,0.0,98.0,0.0,False,
josh_smith_multiple_2025_q1,Josh Smith · Multiple · 2025 Q1,orders,2024-11-26,2025-01-30,True,2024-12-07,7.0,0,0,7.0,7.0,7.0,7.0,0.0,0.0,0.0,7.0,7.0,7.0,6.9,7.0,,3.0,3.0,,0.0,False,
jr_giants_high_jump_in_rio_2023_q3,"JR · GIANTS, High jump in Rio · 2023 Q3",orders,2026-06-26,2026-09-24,False,,0,25.0,0,,0.0,0.0,,25.0,0.0,0.0,1.0,1.0,1.0,,1.0,,0.0,0.0,,0.0,False,
judy_chicago_reincarnation_triptych_2025_q4,Judy Chicago · Reincarnation Triptych · 2025 Q4,orders,2025-10-13,2025-11-27,True,2025-10-24,44.0,0,5.0,44.0,44.0,44.0,44.0,0.0,5.0,0.0,44.0,44.0,44.0,44.0,44.0,,3.0,3.0,44.0,0.0,False,
julian_schnabel_the_swedish_house_01_2022_q2,Julian Schnabel · The Swedish House 01 · 2022 Q2,funnel,2026-06-26,2026-09-24,False,,,,,,0.0,,,,,,0.0,0.0,0.0,,0.0,,0.0,0.0,,,,
julian_schnabel_the_swedish_house_02_2022_q2,Julian Schnabel · The Swedish House 02 · 2022 Q2,funnel,2026-06-26,2026-09-24,False,,,,,,0.0,,,,,,0.0,0.0,0.0,,0.0,,0.0,0.0,,,,
julian_schnabel_the_swedish_house_03_2022_q2,Julian Schnabel · The Swedish House 03 · 2022 Q2,funnel,2026-06-26,2026-09-24,False,,,,,,0.0,,,,,,0.0,0.0,0.0,,0.0,,0.0,0.0,,,,
julian_schnabel_the_swedish_house_04_2022_q2,Julian Schnabel · The Swedish House 04 · 2022 Q2,funnel,2026-06-26,2026-09-24,False,,,,,,0.0,,,,,,0.0,0.0,0.0,,0.0,,0.0,0.0,,,,
julian_schnabel_the_swedish_house_05_2022_q2,Julian Schnabel · The Swedish House 05 · 2022 Q2,funnel,2026-06-26,2026-09-24,False,,,,,,0.0,,,,,,0.0,0.0,0.0,,0.0,,0.0,0.0,,,,
julian_schnabel_the_swedish_house_06_2022_q2,Julian Schnabel · The Swedish House 06 · 2022 Q2,funnel,2026-06-26,2026-09-24,False,,,,,,0.0,,,,,,0.0,0.0,0.0,,0.0,,0.0,0.0,,,,
julian_schnabel_the_swedish_house_07_2022_q2,Julian Schnabel · The Swedish House 07 · 2022 Q2,funnel,2026-06-26,2026-09-24,False,,,,,,0.0,,,,,,0.0,0.0,0.0,,0.0,,0.0,0.0,,,,
julian_schnabel_the_swedish_house_08_2022_q2,Julian Schnabel · The Swedish House 08 · 2022 Q2,funnel,2026-06-26,2026-09-24,False,,,,,,0.0,,,,,,0.0,0.0,0.0,,0.0,,0.0,0.0,,,,
julian_schnabel_the_swedish_house_09_2022_q2,Julian Schnabel · The Swedish House 09 · 2022 Q2,funnel,2026-06-26,2026-09-24,False,,,,,,0.0,,,,,,0.0,0.0,0.0,,0.0,,0.0,0.0,,,,
julian_schnabel_the_swedish_house_10_2022_q2,Julian Schnabel · The Swedish House 10 · 2022 Q2,funnel,2026-06-26,2026-09-24,False,,,,,,0.0,,,,,,0.0,0.0,0.0,,0.0,,0.0,0.0,,,,
ka_content_2024_q2,Kaï · Content · 2024 Q2,orders,2026-06-26,2026-09-24,False,,0,85.0,0,0.0,0.0,0.0,0.0,85.0,0.0,0.0,0.0,0.0,0.0,,0.0,,0.0,0.0,,0.0,False,
ka_content_hand_finished_2024_q2,Kaï · Content (Hand-finished) · 2024 Q2,orders,2026-06-26,2026-09-24,False,,0,36.0,0,,0.0,0.0,,36.0,0.0,0.0,0.0,0.0,0.0,,0.0,,0.0,0.0,,0.0,False,
kara_joslyn_good_thing_you_are_not_alone_2022_q4,Kara Joslyn · GOOD THING YOU ARE NOT ALONE · 2022 Q4,funnel,2026-06-26,2026-09-24,False,,,,,,0.0,,,,,,0.0,0.0,0.0,,0.0,,0.0,0.0,,,,
katherina_olschbaur_humility_and_the_other_one_in_me_2023_q3,Katherina Olschbaur · Humility and the Other One in Me · 2023 Q3,funnel,2026-06-26,2026-09-24,False,,,,,,0.0,,,,,,0.0,0.0,0.0,,0.0,,0.0,0.0,,,,
katherine_bradford_swing_over_pool_2025_q3,Katherine Bradford · Swing Over Pool · 2025 Q3,orders,2025-07-02,2025-08-14,True,2025-07-16,114.0,0,53.0,114.0,114.0,114.0,114.0,0.0,53.0,0.0,114.0,114.0,113.9,114.1,114.0,,3.0,3.0,114.0,0.0,False,
katie_hector_multiple_2023_q2,Katie Hector · Multiple · 2023 Q2,funnel,2026-06-26,2026-09-24,False,,,,,,0.0,,,,,,0.0,0.0,0.0,,0.0,,0.0,0.0,,,,
keita_morimoto_cityscape_2023_q2,Keita Morimoto · Cityscape · 2023 Q2,funnel,2026-06-26,2026-09-24,False,,,,,,0.0,,,,,,0.0,0.0,0.0,,0.0,,0.0,0.0,,,,
khari_turner_rest_and_wellness_2022_q1,Khari Turner · Rest and Wellness · 2022 Q1,funnel,2026-06-26,2026-09-24,False,,,,,,0.0,,,,,,0.0,0.0,0.0,,0.0,,0.0,0.0,,,,
koichi_sato_brush_sense_of_values_2022_q3,Koichi Sato · Brush Sense of Values · 2022 Q3,funnel,2026-06-26,2026-09-24,False,,,,,,0.0,,,,,,0.0,0.0,0.0,,0.0,,0.0,0.0,,,,
kotao_tomozawa_multiple_2023_q4,Kotao Tomozawa · Multiple · 2023 Q4,orders,2023-10-03,2023-11-10,True,2023-10-11,35.0,0,1.0,35.0,35.0,35.0,35.0,0.0,1.0,0.0,35.0,35.0,35.0,35.0,35.0,,0.0,0.0,,0.0,False,
kotao_tomozawa_slime_xcix_2023_q3,Kotao Tomozawa · slime XCIX · 2023 Q3,funnel,2026-06-26,2026-09-24,False,,,,,,0.0,,,,,,0.0,0.0,0.0,,0.0,,0.0,0.0,,,,
kpe_innocent_multiple_2023_q2,Kpe Innocent · Multiple · 2023 Q2,funnel,2026-06-26,2026-09-24,False,,,,,,0.0,,,,,,0.0,0.0,0.0,,0.0,,0.0,0.0,,,,
kudzanai_violet_hwami_multiple_2022_q3,Kudzanai-Violet Hwami · Multiple · 2022 Q3,orders,2026-06-26,2026-09-24,False,,0,3.0,0,,0.0,0.0,,3.0,0.0,0.0,0.0,0.0,0.0,,0.0,,0.0,0.0,,0.0,False,
kukwon_woo_multiple_2026_q4,Kukwon Woo · Multiple · 2026 Q4,,,,,,,,,,,,,,,,0.0,,,,,,,,,,,
kwesi_botchway_african_style_2023_q1,Kwesi Botchway · African Style · 2023 Q1,orders,2026-06-26,2026-09-24,False,,0,4.0,0,,0.0,0.0,,4.0,0.0,0.0,0.0,0.0,0.0,,0.0,,0.0,0.0,,0.0,False,
kwesi_botchway_lady_with_a_tampi_2022_q2,Kwesi Botchway · Lady with a Tampi · 2022 Q2,orders,2026-06-26,2026-09-24,False,,0,2.0,0,,0.0,0.0,,2.0,0.0,0.0,0.0,0.0,0.0,,0.0,,0.0,0.0,,0.0,False,
larry_bell_little_3dvd_2022_q4,Larry Bell · Little 3DVD · 2022 Q4,funnel,2026-06-26,2026-09-24,False,,,,,,0.0,,,,,,0.0,0.0,0.0,,0.0,,0.0,0.0,,,,
laura_el_park_ave_2024_q1,Laura El · Park Ave · 2024 Q1,orders,2026-06-26,2026-09-24,False,,0,30.0,0,0.0,0.0,0.0,0.0,30.0,0.0,0.0,22.0,21.6,21.6,21.5,21.6,,6.9,6.9,,0.0,False,
lawrence_weiner_here_now_2022_q4,Lawrence Weiner · HERE & NOW · 2022 Q4,orders,2026-06-26,2026-09-24,False,,0,10.0,0,,0.0,0.0,,10.0,0.0,0.0,0.0,0.0,0.0,,0.0,,0.0,0.0,,0.0,False,
lee_ufan_dialogue_2026_q1,Lee Ufan · Dialogue · 2026 Q1,orders,2025-12-15,2026-02-01,True,2025-12-15,124.0,0,32.0,124.0,124.0,124.0,124.0,0.0,32.0,0.0,124.0,124.0,124.0,124.0,124.0,,4.5,4.5,124.0,0.0,False,
lee_ufan_multiple_2025_q2,Lee Ufan · Multiple · 2025 Q2,orders,2025-05-03,2025-06-28,True,2025-05-03,287.0,0,50.0,287.0,287.0,287.0,287.0,0.0,50.0,0.0,287.0,287.0,287.0,287.0,287.0,,26.5,26.5,287.0,0.0,False,
liang_fu_anonyme_2023_q1,Liang Fu · Anonyme · 2023 Q1,funnel,2026-06-26,2026-09-24,False,,,,,,0.0,,,,,,0.0,0.0,0.0,,0.0,,0.0,0.0,,,,
lin_yen_liang_multiple_2022_q3,Lin Yen-Liang · Multiple · 2022 Q3,funnel,2026-06-26,2026-09-24,False,,,,,,0.0,,,,,,0.0,0.0,0.0,,0.0,,0.0,0.0,,,,
lina_iris_viktor_ekstasis_2021_q4,Lina Iris Viktor · Ekstasis · 2021 Q4,funnel,2026-06-26,2026-09-24,False,,,,,,0.0,,,,,,0.0,0.0,0.0,,0.0,,0.0,0.0,,,,
linda_dounia_faux_letters_2024_q2,Linda Dounia · Faux Letters · 2024 Q2,orders,2026-06-26,2026-09-24,False,,0,4.0,0,,0.0,0.0,,4.0,0.0,0.0,0.0,0.0,0.0,,0.0,,0.0,0.0,,0.0,False,
loie_hollowell_mother_s_milk_2026_q4,Loie Hollowell · Mother's Milk · 2026 Q4,funnel,2026-09-21,2026-09-24,False,,,,,,0.0,,,,,,0.0,0.0,0.0,,0.0,,0.0,0.0,,,,
luc_tuymans_bell_boy_2026_q1,Luc Tuymans · Bell Boy · 2026 Q1,orders,2026-02-17,2026-04-02,True,2026-02-19,90.0,0,12.0,90.0,90.0,90.0,90.0,0.0,12.0,0.0,90.0,90.0,89.9,90.0,89.99,,11.1,11.1,90.0,0.0,False,
luis_ponce_and_the_absurd_was_born_2023_q4,Luis Ponce · And the Absurd Was Born · 2023 Q4,orders,2023-10-10,2023-11-12,True,2023-10-29,24.0,0,0,24.0,24.0,24.0,24.0,0.0,0.0,0.0,24.0,24.0,24.0,24.0,24.0,,0.0,0.0,,0.0,False,
ly_confused_luv_medium_2022_q4,LY · Confused LUV (Medium) · 2022 Q4,orders,2026-06-26,2026-09-24,False,,0,1.0,0,,0.0,0.0,,1.0,0.0,0.0,0.0,0.0,0.0,,0.0,,0.0,0.0,,0.0,False,
ly_luv_blossoming_2025_q2,LY · LUV Blossoming · 2025 Q2,orders,2025-03-28,2025-05-16,True,2025-04-07,38.0,0,2.0,38.0,38.0,38.0,38.0,0.0,2.0,0.0,38.0,38.0,38.0,37.9,38.0,,0.0,0.0,38.0,0.0,False,
ly_luv_new_beginnings_2026_q3,LY · LUV New Beginnings · 2026 Q3,orders,2026-06-02,2026-07-09,True,2026-06-15,32.0,0,0,32.0,32.0,32.0,32.0,0.0,0.0,0.0,32.0,32.0,32.0,32.0,32.0,,0.0,0.0,32.0,0.0,False,
ly_luv_somewhere_new_2023_q4,LY · LUV Somewhere New · 2023 Q4,orders,2026-06-26,2026-09-24,False,,0,31.0,0,0.0,0.0,0.0,0.0,31.0,0.0,0.0,30.0,30.0,30.0,30.0,30.0,,0.0,0.0,,0.0,False,
ly_multiple_2022_q1,LY · Multiple · 2022 Q1,funnel,2026-06-26,2026-09-24,False,,,,,,0.0,,,,,,0.0,0.0,0.0,,0.0,,0.0,0.0,,,,
ly_multiple_2023_q2,LY · Multiple · 2023 Q2,orders,2026-06-26,2026-09-24,False,,4.0,234.0,0,,4.0,4.0,,234.0,0.0,0.0,4.0,4.0,4.0,,4.0,,0.0,0.0,,0.0,False,
ly_standing_with_luv_medium_2022_q4,LY · Standing with LUV (Medium) · 2022 Q4,funnel,2026-06-26,2026-09-24,False,,,,,,0.0,,,,,,0.0,0.0,0.0,,0.0,,0.0,0.0,,,,
ly_this_is_luv_small_2022_q3,LY · This is LUV (Small) · 2022 Q3,orders,2026-06-26,2026-09-24,False,,0,1.0,0,,0.0,0.0,,1.0,0.0,0.0,1.0,1.0,1.0,,1.0,,0.0,0.0,,0.0,False,
ly_with_his_sidekick_small_2022_q3,LY · With his Sidekick (Small) · 2022 Q3,funnel,2026-06-26,2026-09-24,False,,,,,,0.0,,,,,,0.0,0.0,0.0,,0.0,,0.0,0.0,,,,
magdalena_suarez_frimkess_homage_for_jasper_johns_2024_q3,Magdalena Suarez Frimkess · Homage for Jasper Johns · 2024 Q3,orders,2026-06-26,2026-09-24,False,,0,27.0,0,0.0,0.0,0.0,0.0,27.0,0.0,0.0,0.0,0.0,0.0,,0.0,,0.0,0.0,,0.0,False,
maiko_kobayashi_moving_colours_2023_q1,Maiko Kobayashi · Moving Colours · 2023 Q1,funnel,2026-06-26,2026-09-24,False,,,,,,0.0,,,,,,0.0,0.0,0.0,,0.0,,0.0,0.0,,,,
makiko_kudo_nanohana_ramen_2022_q3,Makiko Kudo · Nanohana Ramen · 2022 Q3,funnel,2026-06-26,2026-09-24,False,,,,,,0.0,,,,,,0.0,0.0,0.0,,0.0,,0.0,0.0,,,,
marcela_fl_rido_bloom_2023_q3,Marcela Flórido · BLOOM · 2023 Q3,funnel,2026-06-26,2026-09-24,False,,,,,,0.0,,,,,,0.0,0.0,0.0,,0.0,,0.0,0.0,,,,
marcus_jansen_afro_painter_2023_q4,Marcus Jansen · Afro Painter · 2023 Q4,orders,2026-06-26,2026-09-24,False,,0,42.0,0,,0.0,0.0,,42.0,0.0,0.0,0.0,0.0,0.0,,0.0,,0.0,0.0,,0.0,False,
marina_perez_sim_o_untitled_2023_q2,Marina Perez Simão · Untitled · 2023 Q2,funnel,2026-06-26,2026-09-24,False,,,,,,0.0,,,,,,0.0,0.0,0.0,,0.0,,0.0,0.0,,,,
mark_whalen_early_light_2023_q3,Mark Whalen · Early Light · 2023 Q3,orders,2026-06-26,2026-09-24,False,,1.0,6.0,0,,1.0,1.0,,6.0,0.0,0.0,1.0,1.0,1.0,,1.0,,0.0,0.0,1.0,0.0,False,
mark_whalen_lucky_charm_2022_q1,Mark Whalen · Lucky Charm · 2022 Q1,funnel,2026-06-26,2026-09-24,False,,,,,,0.0,,,,,,0.0,0.0,0.0,,0.0,,0.0,0.0,,,,
maurizio_cattelan_la_nona_ora_2026_q2,Maurizio Cattelan · La Nona Ora · 2026 Q2,orders,2026-03-19,2026-04-25,True,2026-03-31,617.0,0,33.0,617.0,617.0,617.0,617.0,0.0,33.0,0.0,617.0,617.0,617.0,617.0,617.0,,181.8,181.8,,0.0,False,
maurizio_cattelan_multiple_2027_q1,Maurizio Cattelan · Multiple · 2027 Q1,orders,2026-09-07,2026-09-24,False,2026-09-18,252.0,0,0,252.0,252.0,252.0,252.0,0.0,0.0,0.0,471.0,470.8,470.8,470.9,470.79,,89.2,89.2,,0.0,False,
maurizio_cattelan_therapy_2026_q2,Maurizio Cattelan · THERAPY · 2026 Q2,orders,2026-03-30,2026-05-07,True,2026-04-01,316.0,0,10.0,316.0,316.0,316.0,316.0,0.0,10.0,0.0,316.0,316.0,316.0,316.0,316.0,,31.9,31.9,316.0,0.0,False,
maurizio_cattelan_we_are_the_revolution_2025_q4,Maurizio Cattelan · We are the Revolution · 2025 Q4,orders,2025-09-09,2025-10-26,True,2025-09-23,769.0,0,224.0,769.0,769.0,769.0,769.0,0.0,224.0,0.0,769.0,769.0,769.0,769.0,769.0,,142.5,142.5,,0.0,False,
maurizio_cattelan_window_2026_q1,Maurizio Cattelan · Window · 2026 Q1,orders,2026-01-12,2026-02-22,True,2026-01-22,293.0,0,9.0,293.0,293.0,293.0,293.0,0.0,9.0,0.0,293.0,293.0,293.1,293.0,293.0,,33.0,33.0,293.0,0.0,False,
maxwell_mustardo_multiple_2023_q2,Maxwell Mustardo · Multiple · 2023 Q2,funnel,2026-06-26,2026-09-24,False,,,,,,0.0,,,,,,0.0,0.0,0.0,,0.0,,0.0,0.0,,,,
micha_l_borremans_the_monkey_2027_q1,Michaël Borremans · The Monkey · 2027 Q1,funnel,2026-06-26,2026-09-24,False,,,,,,0.0,,,,,,0.0,0.0,0.0,,0.0,,0.0,0.0,,,,
michael_kagan_concorde_2021_q4,Michael Kagan · Concorde · 2021 Q4,funnel,2026-06-26,2026-09-24,False,,,,,,0.0,,,,,,0.0,0.0,0.0,,0.0,,0.0,0.0,,,,
michael_kagan_saturn_v_2022_q3,Michael Kagan · Saturn V · 2022 Q3,funnel,2026-06-26,2026-09-24,False,,,,,,0.0,,,,,,0.0,0.0,0.0,,0.0,,0.0,0.0,,,,
michael_kozlowski_mecha_2024_q2,Michael Kozlowski · Mecha · 2024 Q2,orders,2026-06-26,2026-09-24,False,,0,45.0,0,,0.0,0.0,,45.0,0.0,0.0,0.0,0.0,0.0,,0.0,,0.0,0.0,,0.0,False,
michaela_yearwood_dan_multiple_2023_q4,Michaela Yearwood-Dan · Multiple · 2023 Q4,orders,2026-06-26,2026-09-24,False,,0,50.0,0,,0.0,0.0,,50.0,0.0,0.0,0.0,0.0,0.0,,0.0,,0.0,0.0,,0.0,False,
minhee_kim_multiple_2023_q2,Minhee Kim · Multiple · 2023 Q2,funnel,2026-06-26,2026-09-24,False,,,,,,0.0,,,,,,0.0,0.0,0.0,,0.0,,0.0,0.0,,,,
miwa_komatsu_innocent_days_and_wishes_2025_q2,Miwa Komatsu · Innocent Days and Wishes · 2025 Q2,orders,2025-02-12,2025-04-04,True,2025-02-12,25.0,1.0,0,25.0,25.0,25.0,25.0,1.0,0.0,0.0,25.0,25.0,25.0,24.9,25.0,,0.0,0.0,25.0,0.0,False,
miwa_komatsu_multiple_2023_q4,Miwa Komatsu · Multiple · 2023 Q4,orders,2023-09-11,2023-10-18,True,2023-09-29,67.0,0,38.0,67.0,67.0,67.0,67.0,0.0,38.0,0.0,67.0,67.0,67.0,67.0,67.0,,0.0,0.0,,0.0,False,
miwa_komatsu_three_guardians_gatekeeping_the_heat_and_cold_2026_q2,Miwa Komatsu · Three Guardians: Gatekeeping the Heat and Cold · 2026 Q2,orders,2026-05-13,2026-06-25,True,2026-05-22,48.0,0,0,48.0,48.0,48.0,48.0,0.0,0.0,0.0,48.0,48.0,48.0,48.1,47.99,,0.0,0.0,48.0,0.0,False,
miwa_komatsu_white_and_black_guiding_yamainu_sama_2024_q4,Miwa Komatsu · White and Black Guiding Yamainu-sama · 2024 Q4,orders,2024-10-07,2024-11-22,True,2024-10-18,15.0,0,0,15.0,15.0,15.0,15.0,0.0,0.0,0.0,15.0,15.0,15.0,15.0,15.0,,0.0,0.0,,0.0,False,
moe_nakamura_inside_us_2023_q4,Moe Nakamura · Inside Us · 2023 Q4,orders,2026-06-26,2026-09-24,False,,1.0,30.0,0,,1.0,1.0,,30.0,0.0,0.0,1.0,1.0,1.0,,1.0,,0.0,0.0,,0.0,False,
molly_greene_bur_2022_q4,Molly Greene · Bur · 2022 Q4,funnel,2026-06-26,2026-09-24,False,,,,,,0.0,,,,,,0.0,0.0,0.0,,0.0,,0.0,0.0,,,,
mr_starcity_multiple_2022_q2,Mr. StarCity · Multiple · 2022 Q2,funnel,2026-06-26,2026-09-24,False,,,,,,0.0,,,,,,0.0,0.0,0.0,,0.0,,0.0,0.0,,,,
neo_image_matloga_majakathata_2021_q3,Neo Image Matloga · Majakathata · 2021 Q3,orders,2026-06-26,2026-09-24,False,,0,1.0,0,,0.0,0.0,,1.0,0.0,0.0,0.0,0.0,0.0,,0.0,,0.0,0.0,,0.0,False,
nicasio_fernandez_d_i_y_2022_q4,Nicasio Fernandez · D.I.Y · 2022 Q4,funnel,2026-06-26,2026-09-24,False,,,,,,0.0,,,,,,0.0,0.0,0.0,,0.0,,0.0,0.0,,,,
nicasio_fernandez_d_i_y_hand_finished_2022_q4,Nicasio Fernandez · D.I.Y (Hand-finished) · 2022 Q4,orders,2026-06-26,2026-09-24,False,,0,1.0,0,,0.0,0.0,,1.0,0.0,0.0,0.0,0.0,0.0,,0.0,,0.0,0.0,,0.0,False,
nicolas_holiber_multiple_2022_q2,Nicolas Holiber · Multiple · 2022 Q2,funnel,2026-06-26,2026-09-24,False,,,,,,0.0,,,,,,0.0,0.0,0.0,,0.0,,0.0,0.0,,,,
nigel_howlett_multiple_2022_q1,Nigel Howlett · Multiple · 2022 Q1,orders,2026-06-26,2026-09-24,False,,2.0,8.0,0,,2.0,2.0,,8.0,0.0,0.0,3.0,3.0,3.0,,3.0,,0.0,0.0,,0.0,False,
nikki_maloof_oranges_2022_q2,Nikki Maloof · Oranges · 2022 Q2,funnel,2026-06-26,2026-09-24,False,,,,,,0.0,,,,,,0.0,0.0,0.0,,0.0,,0.0,0.0,,,,
nksin_my_david_x_2023_q3,NKSIN · MY DAVID X · 2023 Q3,funnel,2026-06-26,2026-09-24,False,,,,,,0.0,,,,,,0.0,0.0,0.0,,0.0,,0.0,0.0,,,,
okokume_sumergidos_2023_q1,Okokume · Sumergidos · 2023 Q1,orders,2026-06-26,2026-09-24,False,,0,50.0,0,,0.0,0.0,,50.0,0.0,0.0,0.0,0.0,0.0,,0.0,,0.0,0.0,,0.0,False,
oscar_yi_hou_coolieisms_aka_born_in_the_usa_go_and_kill_the_yellow_man_2025_q2,"Oscar yi Hou · Coolieisms, aka: Born In The USA (Go And Kill The Yellow Man) · 2025 Q2",orders,2025-03-11,2025-04-24,True,2025-03-21,5.0,0,0,5.0,5.0,5.0,5.0,0.0,0.0,0.0,5.0,5.0,5.0,5.0,5.0,,1.0,1.0,5.0,0.0,False,
other_world_dogs_of_war_2025_q2,Other World · Dogs of War · 2025 Q2,orders,2025-02-25,2025-04-17,True,2025-03-21,19.0,0,7.0,19.0,19.0,19.0,19.0,0.0,7.0,0.0,19.0,19.0,18.9,19.1,19.0,,0.0,0.0,19.0,0.0,False,
pablo_tomek_multiple_2023_q2,Pablo Tomek · Multiple · 2023 Q2,orders,2026-06-26,2026-09-24,False,,0,1.0,0,,0.0,0.0,,1.0,0.0,0.0,0.0,0.0,0.0,,0.0,,0.0,0.0,,0.0,False,
parra_multiple_2024_q4,Parra · Multiple · 2024 Q4,orders,2024-09-19,2024-10-26,True,2024-10-01,235.0,0,7.0,235.0,235.0,235.0,235.0,0.0,7.0,0.0,235.0,235.0,235.0,235.0,235.01,,0.0,0.0,235.0,0.0,False,
patrick_quarm_multiple_2022_q1,Patrick Quarm · Multiple · 2022 Q1,orders,2026-06-26,2026-09-24,False,,0,2.0,0,,0.0,0.0,,2.0,0.0,0.0,0.0,0.0,0.0,,0.0,,0.0,0.0,,0.0,False,
paul_insect_christmas_tree_baubles_2022_q4,Paul Insect · Christmas Tree Baubles · 2022 Q4,orders,2026-06-26,2026-09-24,False,,1.0,20.0,0,,1.0,1.0,,20.0,0.0,0.0,1.0,1.0,1.0,,1.0,,0.0,0.0,,0.0,False,
paul_insect_multiple_2021_q4,Paul Insect · Multiple · 2021 Q4,orders,2026-06-26,2026-09-24,False,,0,7.0,0,,0.0,0.0,,7.0,0.0,0.0,0.0,0.0,0.0,,0.0,,0.0,0.0,,0.0,False,
paul_insect_multiple_2023_q3,Paul Insect · Multiple · 2023 Q3,funnel,2026-06-26,2026-09-24,False,,,,,,0.0,,,,,,0.0,0.0,0.0,,0.0,,0.0,0.0,,,,
paul_insect_multiple_2024_q3,Paul Insect · Multiple · 2024 Q3,orders,2026-06-26,2026-09-24,False,,0,95.0,0,0.0,0.0,0.0,0.0,95.0,0.0,0.0,6.0,6.0,6.0,6.0,6.0,,0.0,0.0,,0.0,False,
paul_insect_prismatic_visions_2026_q2,Paul Insect · Prismatic Visions · 2026 Q2,orders,2026-03-26,2026-05-02,True,2026-04-05,48.0,0,2.0,48.0,48.0,48.0,48.0,0.0,2.0,0.0,48.0,48.0,48.0,48.0,48.0,,1.0,1.0,48.0,0.0,False,
paul_insect_sweetie_jar_2022_q2,Paul Insect · Sweetie Jar · 2022 Q2,funnel,2026-06-26,2026-09-24,False,,,,,,0.0,,,,,,0.0,0.0,0.0,,0.0,,0.0,0.0,,,,
paul_mccarthy_santa_with_butt_plug_bronze_11_4_inches_2022_q4,Paul McCarthy · Santa with Butt Plug Bronze 11.4 inches · 2022 Q4,funnel,2026-06-26,2026-09-24,False,,,,,,0.0,,,,,,0.0,0.0,0.0,,0.0,,0.0,0.0,,,,
pejac_multiple_2024_q3,Pejac · Multiple · 2024 Q3,orders,2026-06-26,2026-09-24,False,,0,801.0,0,0.0,0.0,0.0,0.0,801.0,0.0,0.0,471.0,470.6,470.6,470.7,470.6,,27.5,27.5,,0.0,False,
pejac_multiple_2026_q1,Pejac · Multiple · 2026 Q1,orders,2026-01-09,2026-02-05,True,2026-01-21,98.0,0,18.0,98.0,98.0,98.0,98.0,0.0,18.0,0.0,98.0,98.0,98.0,97.9,98.0,,0.0,0.0,98.0,0.0,False,
pejac_multiple_2026_q4,Pejac · Multiple · 2026 Q4,,,,,,,,,,,,,,,,0.0,,,,,,,,,,,
peter_halley_galaxia_ii_2022_q2,Peter Halley · Galaxia II · 2022 Q2,funnel,2026-06-26,2026-09-24,False,,,,,,0.0,,,,,,0.0,0.0,0.0,,0.0,,0.0,0.0,,,,
peter_halley_rising_high_ii_2024_q2,Peter Halley · Rising High II · 2024 Q2,orders,2026-06-26,2026-09-24,False,,0,36.0,0,0.0,0.0,0.0,0.0,36.0,0.0,0.0,0.0,0.0,0.0,,0.0,,0.0,0.0,,0.0,False,
prune_nourry_mater_earth_2023_q1,Prune Nourry · Mater Earth · 2023 Q1,orders,2026-06-26,2026-09-24,False,,0,14.0,0,,0.0,0.0,,14.0,0.0,0.0,0.0,0.0,0.0,,0.0,,0.0,0.0,,0.0,False,
rafa_macarr_n_multiple_2022_q2,Rafa Macarrón · Multiple · 2022 Q2,funnel,2026-06-26,2026-09-24,False,,,,,,0.0,,,,,,0.0,0.0,0.0,,0.0,,0.0,0.0,,,,
richard_woods_multiple_2023_q4,Richard Woods · Multiple · 2023 Q4,funnel,2026-06-26,2026-09-24,False,,,,,,0.0,,,,,,0.0,0.0,0.0,,0.0,,0.0,0.0,,,,
ripcache_security_2023_q3,Ripcache · Security · 2023 Q3,funnel,2023-08-18,2023-09-22,True,,,,,31.0,31.0,,,,,,31.0,31.0,31.0,31.0,31.0,,0.0,0.0,,,,
robert_longo_untitled_sandy_from_the_series_men_in_the_cities_2026_q3,"Robert Longo · Untitled (Sandy, from the series “Men in the Cities”) · 2026 Q3",orders,2026-08-24,2026-09-24,False,2026-09-03,62.0,0,0,62.0,62.0,62.0,62.0,0.0,0.0,0.0,72.0,72.4,72.5,72.2,72.41,,8.3,8.3,62.0,0.0,False,
robert_nava_death_carrier_bunny_2024_q1,Robert Nava · Death Carrier Bunny · 2024 Q1,funnel,2026-06-26,2026-09-24,False,,,,,,0.0,,,,,,0.0,0.0,0.0,,0.0,,0.0,0.0,,,,
roby_dwi_antono_bias_2022_q1,Roby Dwi Antono · BIAS · 2022 Q1,funnel,2026-06-26,2026-09-24,False,,,,,,0.0,,,,,,0.0,0.0,0.0,,0.0,,0.0,0.0,,,,
roby_dwi_antono_bias_ii_2022_q4,Roby Dwi Antono · BIAS II · 2022 Q4,funnel,2026-06-26,2026-09-24,False,,,,,,0.0,,,,,,0.0,0.0,0.0,,0.0,,0.0,0.0,,,,
roby_dwi_antono_clementine_2023_q4,Roby Dwi Antono · CLEMENTINE · 2023 Q4,orders,2023-09-26,2023-11-02,True,2023-10-09,39.0,0,3.0,39.0,39.0,39.0,39.0,0.0,3.0,0.0,39.0,39.0,39.0,39.1,39.0,,0.0,0.0,,0.0,False,
roby_dwi_antono_hayu_2023_q1,Roby Dwi Antono · HAYU · 2023 Q1,orders,2026-06-26,2026-09-24,False,,0,50.0,0,,0.0,0.0,,50.0,0.0,0.0,0.0,0.0,0.0,,0.0,,0.0,0.0,,0.0,False,
roby_dwi_antono_kira_2021_q3,Roby Dwi Antono · KIRA · 2021 Q3,funnel,2026-06-26,2026-09-24,False,,,,,,0.0,,,,,,0.0,0.0,0.0,,0.0,,0.0,0.0,,,,
roby_dwi_antono_multiple_2022_q2,Roby Dwi Antono · Multiple · 2022 Q2,orders,2026-06-26,2026-09-24,False,,0,7.0,0,,0.0,0.0,,7.0,0.0,0.0,0.0,0.0,0.0,,0.0,,0.0,0.0,,0.0,False,
rooo_lou_earnest_2023_q2,Rooo Lou · Earnest · 2023 Q2,orders,2026-06-26,2026-09-24,False,,0,30.0,0,,0.0,0.0,,30.0,0.0,0.0,0.0,0.0,0.0,,0.0,,0.0,0.0,,0.0,False,
roy_lichtenstein_estate_multiple_2027_q4,Roy Lichtenstein Estate · Multiple · 2027 Q4,funnel,2026-09-16,2026-09-24,False,,,,,,0.0,,,,,,0.0,0.0,0.0,,0.0,,0.0,0.0,,,,
ryan_travis_christian_chatte_parfaite_2023_q2,Ryan Travis Christian · CHATTE PARFAITE · 2023 Q2,funnel,2026-06-26,2026-09-24,False,,,,,,0.0,,,,,,0.0,0.0,0.0,,0.0,,0.0,0.0,,,,
ryo_laksamana_multiple_2022_q2,Ryo Laksamana · Multiple · 2022 Q2,funnel,2026-06-26,2026-09-24,False,,,,,,0.0,,,,,,0.0,0.0,0.0,,0.0,,0.0,0.0,,,,
sarah_morris_industry_spiderweb_2023_q2,Sarah Morris · Industry (Spiderweb) · 2023 Q2,orders,2026-06-26,2026-09-24,False,,0,3.0,0,,0.0,0.0,,3.0,0.0,0.0,0.0,0.0,0.0,,0.0,,0.0,0.0,,0.0,False,
satoru_koizumi_studio_2021_2021_q2,Satoru Koizumi · Studio 2021 · 2021 Q2,funnel,2026-06-26,2026-09-24,False,,,,,,0.0,,,,,,0.0,0.0,0.0,,0.0,,0.0,0.0,,,,
satoru_koizumi_white_rhino_2022_q4,Satoru Koizumi · White Rhino · 2022 Q4,funnel,2026-06-26,2026-09-24,False,,,,,,0.0,,,,,,0.0,0.0,0.0,,0.0,,0.0,0.0,,,,
sayre_gomez_america_s_tire_2025_q2,Sayre Gomez · America's Tire · 2025 Q2,orders,2025-03-20,2025-05-01,True,2025-03-28,10.0,0,4.0,10.0,10.0,10.0,10.0,0.0,4.0,0.0,10.0,10.0,9.9,10.0,9.99,,2.2,2.2,10.0,0.0,False,
scott_kahn_ingersoll_s_branch_2022_q4,Scott Kahn · INGERSOLL'S BRANCH · 2022 Q4,orders,2026-06-26,2026-09-24,False,,0,2.0,0,,0.0,0.0,,2.0,0.0,0.0,0.0,0.0,0.0,,0.0,,0.0,0.0,,0.0,False,
scott_kahn_spring_moon_grant_street_hand_finished_2021_q3,"Scott Kahn · Spring Moon, Grant Street (Hand-finished) · 2021 Q3",funnel,2026-06-26,2026-09-24,False,,,,,,0.0,,,,,,0.0,0.0,0.0,,0.0,,0.0,0.0,,,,
seth_armstrong_micheltorena_2026_q4,Seth Armstrong · Micheltorena · 2026 Q4,,,,,,,,,,,,,,,,0.0,,,,,,,,,,,
seth_little_sower_2023_q4,SETH · Little Sower · 2023 Q4,orders,2026-06-26,2026-09-24,False,,0,35.0,0,,0.0,0.0,,35.0,0.0,0.0,0.0,0.0,0.0,,0.0,,0.0,0.0,,0.0,False,
shaina_mccoy_hoops_2022_q2,Shaina McCoy · Hoops · 2022 Q2,funnel,2026-06-26,2026-09-24,False,,,,,,0.0,,,,,,0.0,0.0,0.0,,0.0,,0.0,0.0,,,,
shaina_mccoy_tiff_2023_q2,Shaina McCoy · Tiff · 2023 Q2,funnel,2026-06-26,2026-09-24,False,,,,,,0.0,,,,,,0.0,0.0,0.0,,0.0,,0.0,0.0,,,,
shigeki_matsuyama_multiple_2023_q2,Shigeki Matsuyama · Multiple · 2023 Q2,orders,2026-06-26,2026-09-24,False,,0,1.0,0,,0.0,0.0,,1.0,0.0,0.0,0.0,0.0,0.0,,0.0,,0.0,0.0,,0.0,False,
slawn_ugly_bastard_2024_q3,Slawn · Ugly Bastard · 2024 Q3,orders,2026-06-26,2026-09-24,False,,0,96.0,0,0.0,0.0,0.0,0.0,96.0,0.0,0.0,1.0,1.0,1.0,1.0,1.0,,0.1,0.1,,0.0,False,
so_youn_lee_ready_2023_q4,So Youn Lee · Ready? · 2023 Q4,orders,2026-06-26,2026-09-24,False,,0,51.0,0,,0.0,0.0,,51.0,0.0,0.0,0.0,0.0,0.0,,0.0,,0.0,0.0,,0.0,False,
stickymonger_multiple_2022_q1,Stickymonger · Multiple · 2022 Q1,funnel,2026-06-26,2026-09-24,False,,,,,,0.0,,,,,,0.0,0.0,0.0,,0.0,,0.0,0.0,,,,
stickymonger_multiple_2022_q2,Stickymonger · Multiple · 2022 Q2,orders,2026-06-26,2026-09-24,False,,0,2.0,0,,0.0,0.0,,2.0,0.0,0.0,0.0,0.0,0.0,,0.0,,0.0,0.0,,0.0,False,
stickymonger_multiple_2022_q3,Stickymonger · Multiple · 2022 Q3,funnel,2026-06-26,2026-09-24,False,,,,,,0.0,,,,,,0.0,0.0,0.0,,0.0,,0.0,0.0,,,,
sun_kyo_park_multiple_2022_q3,Sun-Kyo Park · Multiple · 2022 Q3,funnel,2026-06-26,2026-09-24,False,,,,,,0.0,,,,,,0.0,0.0,0.0,,0.0,,0.0,0.0,,,,
super_future_kid_multiple_2022_q1,Super Future Kid · Multiple · 2022 Q1,funnel,2026-06-26,2026-09-24,False,,,,,,1.0,,,,,,1.0,1.0,1.0,,1.0,,0.0,0.0,,,,
susumu_kamijo_dance_for_me_in_the_dusk_2021_q4,Susumu Kamijo · Dance For Me In The Dusk · 2021 Q4,funnel,2026-06-26,2026-09-24,False,,,,,,0.0,,,,,,0.0,0.0,0.0,,0.0,,0.0,0.0,,,,
szabolcs_boz_multiple_2023_q3,Szabolcs Bozó · Multiple · 2023 Q3,funnel,2026-06-26,2026-09-24,False,,,,,,0.0,,,,,,0.0,0.0,0.0,,0.0,,0.0,0.0,,,,
tahnee_lonsdale_dove_2023_q3,Tahnee Lonsdale · Dove · 2023 Q3,funnel,2026-06-26,2026-09-24,False,,,,,,0.0,,,,,,0.0,0.0,0.0,,0.0,,0.0,0.0,,,,
takahiro_komuro_ground_dragon_2022_q2,Takahiro Komuro · Ground Dragon · 2022 Q2,funnel,2026-06-26,2026-09-24,False,,,,,,0.0,,,,,,0.0,0.0,0.0,,0.0,,0.0,0.0,,,,
takahiro_komuro_sphinx_kira_2023_q4,Takahiro Komuro · Sphinx - Kira · 2023 Q4,orders,2026-06-26,2026-09-24,False,,0,3.0,0,,0.0,0.0,,3.0,0.0,0.0,1.0,1.0,0.9,1.0,1.0,,0.0,0.0,,0.0,False,
takashi_murakami_multiple_2026_q2,Takashi Murakami · Multiple · 2026 Q2,orders,2026-04-08,2026-05-29,True,2026-04-08,838.0,0,29.0,838.0,838.0,838.0,838.0,0.0,29.0,0.0,838.0,838.0,838.0,838.1,838.0,,7.3,7.3,838.0,0.0,False,
takeru_amano_venus_2023_q2,Takeru Amano · Venus · 2023 Q2,funnel,2026-06-26,2026-09-24,False,,,,,,0.0,,,,,,0.0,0.0,0.0,,0.0,,0.0,0.0,,,,
taku_obata_b_boy_jushi_2025_q1,Taku Obata · B BOY JUSHI · 2025 Q1,orders,2025-01-06,2025-02-23,True,2025-01-08,149.0,0,1.0,149.0,149.0,149.0,149.0,0.0,1.0,0.0,149.0,149.0,149.0,149.0,149.0,,2.0,2.0,,0.0,False,
taku_obata_b_boy_seidou_2024_q4,Taku Obata · B BOY SEIDOU · 2024 Q4,orders,2024-08-29,2024-10-03,True,2024-09-13,24.0,0,0,24.0,24.0,24.0,24.0,0.0,0.0,0.0,24.0,24.0,24.0,24.0,24.0,,5.0,5.0,,0.0,False,
taylor_lee_multiple_2023_q4,Taylor Lee · Multiple · 2023 Q4,orders,2026-06-26,2026-09-24,False,,0,10.0,0,,0.0,0.0,,10.0,0.0,0.0,0.0,0.0,0.0,,0.0,,0.0,0.0,,0.0,False,
tide_multiple_2022_q1,TIDE · Multiple · 2022 Q1,funnel,2026-06-26,2026-09-24,False,,,,,,0.0,,,,,,0.0,0.0,0.0,,0.0,,0.0,0.0,,,,
tide_multiple_2024_q4,TIDE · Multiple · 2024 Q4,orders,2024-08-15,2024-11-06,True,2024-08-23,30.0,0,3.0,30.0,30.0,30.0,30.0,0.0,3.0,0.0,30.0,30.0,30.0,29.9,30.0,,0.0,0.0,,0.0,False,
tom_s_s_nchez_sonido_de_aguas_en_la_noche_2022_q1,Tomás Sánchez · Sonido de aguas en la noche · 2022 Q1,orders,2026-06-26,2026-09-24,False,,0,3.0,0,,0.0,0.0,,3.0,0.0,0.0,0.0,0.0,0.0,,0.0,,0.0,0.0,,0.0,False,
tomokazu_matsuyama_broken_train_pick_me_2021_q3,Tomokazu Matsuyama · Broken Train Pick Me · 2021 Q3,funnel,2026-06-26,2026-09-24,False,,,,,,0.0,,,,,,0.0,0.0,0.0,,0.0,,0.0,0.0,,,,
tomokazu_matsuyama_clocks_daylight_jump_2022_q1,Tomokazu Matsuyama · Clocks Daylight Jump · 2022 Q1,funnel,2026-06-26,2026-09-24,False,,,,,,0.0,,,,,,0.0,0.0,0.0,,0.0,,0.0,0.0,,,,
tomokazu_matsuyama_morning_sun_dance_2025_q3,Tomokazu Matsuyama · Morning Sun Dance · 2025 Q3,orders,2025-08-26,2025-09-24,True,2025-09-10,28.0,0,32.0,28.0,28.0,28.0,28.0,0.0,32.0,0.0,28.0,28.0,28.0,28.0,28.0,,0.0,0.0,28.0,0.0,False,
tomokazu_matsuyama_multiple_2022_q2,Tomokazu Matsuyama · Multiple · 2022 Q2,funnel,2026-06-26,2026-09-24,False,,,,,,0.0,,,,,,0.0,0.0,0.0,,0.0,,0.0,0.0,,,,
tomokazu_matsuyama_perfect_all_alone_ironic_2023_q4,Tomokazu Matsuyama · Perfect All Alone Ironic · 2023 Q4,orders,2023-10-30,2023-12-07,True,2023-11-13,57.0,0,24.0,57.0,57.0,57.0,57.0,0.0,24.0,0.0,57.0,57.0,56.9,57.0,57.0,,0.0,0.0,,0.0,False,
tomokazu_matsuyama_the_seed_shiver_shine_bright_2022_q4,Tomokazu Matsuyama · The Seed Shiver Shine & Bright · 2022 Q4,funnel,2026-06-26,2026-09-24,False,,,,,,0.0,,,,,,0.0,0.0,0.0,,0.0,,0.0,0.0,,,,
tomoo_gokita_oscalypso_2022_q1,Tomoo Gokita · Oscalypso · 2022 Q1,funnel,2026-06-26,2026-09-24,False,,,,,,0.0,,,,,,0.0,0.0,0.0,,0.0,,0.0,0.0,,,,
tschabalala_self_lady_in_yellow_on_spiral_seat_2_teal_background_2022_q4,Tschabalala Self · Lady in Yellow on Spiral Seat #2 Teal Background · 2022 Q4,funnel,2026-06-26,2026-09-24,False,,,,,,0.0,,,,,,0.0,0.0,0.0,,0.0,,0.0,0.0,,,,
tschabalala_self_multiple_2026_q3,Tschabalala Self · Multiple · 2026 Q3,orders,2026-06-26,2026-09-03,True,2026-07-09,100.0,0,1.0,100.0,100.0,100.0,100.0,0.0,1.0,0.0,100.0,100.0,100.0,99.9,100.0,,1.0,1.0,100.0,0.0,False,
tschabalala_self_seated_bronze_2022_q4,Tschabalala Self · Seated Bronze · 2022 Q4,orders,2026-06-26,2026-09-24,False,,1.0,0,0,,1.0,1.0,,0.0,0.0,0.0,1.0,1.0,1.0,1.0,1.0,,0.0,0.0,,0.0,False,
urs_fischer_multiple_2026_q2,Urs Fischer · Multiple · 2026 Q2,orders,2026-05-20,2026-06-27,True,2026-06-01,110.0,0,1.0,110.0,110.0,110.0,110.0,0.0,1.0,0.0,110.0,110.0,110.0,109.9,110.0,,16.0,16.0,110.0,0.0,False,
vhils_multiple_2024_q3,Vhils · Multiple · 2024 Q3,orders,2024-09-02,2024-09-26,True,2024-09-19,245.0,0,3.0,,245.0,245.0,,0.0,3.0,0.0,245.0,245.0,245.0,245.1,245.0,,52.7,52.7,245.0,207.0,True,
wang_zhibo_15_nationalistic_optimism_by_the_sea_2024_q3,"Wang Zhibo · 15℃, Nationalistic Optimism by the Sea · 2024 Q3",orders,2026-06-26,2026-09-24,False,,0,3.0,0,0.0,0.0,0.0,0.0,3.0,0.0,0.0,0.0,0.0,0.0,,0.0,,0.0,0.0,,0.0,False,
will_cotton_the_cowgirl_2025_q1,Will Cotton · The Cowgirl · 2025 Q1,orders,2025-01-06,2025-02-16,True,2025-01-16,99.0,0,2.0,99.0,99.0,99.0,99.0,0.0,2.0,0.0,99.0,99.0,99.0,99.1,99.01,,26.0,26.0,99.0,0.0,False,
william_blake_multiple_2025_q4,William Blake · Multiple · 2025 Q4,orders,2025-11-03,2025-12-04,True,2025-11-19,7.0,0,3.0,6.9,7.0,7.0,7.0,0.0,3.0,0.0,7.0,7.0,7.0,7.0,7.0,,0.0,0.0,7.0,0.0,False,
william_mapan_centrifuge_2024_q1,William Mapan · Centrifuge · 2024 Q1,orders,2026-06-26,2026-09-24,False,,0,35.0,0,0.0,0.0,0.0,0.0,35.0,0.0,0.0,35.0,35.0,35.0,35.0,35.0,,8.2,8.2,,0.0,False,
woo_kuk_won_multiple_2024_q4,Woo Kuk Won · Multiple · 2024 Q4,orders,2024-10-10,2024-11-21,True,2024-10-21,83.0,0,5.0,83.0,83.0,83.0,83.0,0.0,5.0,0.0,83.0,83.0,83.0,83.0,83.0,,0.0,0.0,83.0,0.0,False,
woo_kuk_won_multiple_2025_q3,Woo Kuk Won · Multiple · 2025 Q3,orders,2025-08-19,2025-10-02,True,2025-08-28,178.0,0,4.0,178.0,178.0,178.0,178.0,0.0,4.0,0.0,178.0,178.0,178.0,178.0,178.0,,0.0,0.0,178.0,0.0,False,
yoon_hyup_ambre_roulette_2026_q3,Yoon Hyup · Ambre Roulette · 2026 Q3,orders,2026-06-11,2026-07-25,True,2026-06-23,195.0,0,1.0,195.0,195.0,195.0,195.0,0.0,1.0,0.0,195.0,195.0,195.0,195.0,195.0,,46.4,46.4,195.0,0.0,False,
yoon_hyup_city_fountain_2024_q3,Yoon Hyup · City Fountain · 2024 Q3,orders,2026-06-26,2026-09-24,False,,0,201.0,0,,0.0,0.0,,201.0,0.0,0.0,0.0,0.0,0.0,,0.0,,0.0,0.0,,0.0,False,
yoon_hyup_in_the_city_2023_q4,Yoon Hyup · In The City · 2023 Q4,orders,2023-10-25,2023-11-22,True,2023-11-06,198.0,0,5.0,198.0,198.0,198.0,198.0,0.0,5.0,0.0,198.0,198.0,197.9,198.0,197.99,,0.0,0.0,,0.0,False,
yoon_hyup_night_in_paris_golden_light_2022_q4,Yoon Hyup · Night in Paris - Golden Light · 2022 Q4,funnel,2026-06-26,2026-09-24,False,,,,,,0.0,,,,,,0.0,0.0,0.0,,0.0,,0.0,0.0,,,,
yoon_hyup_night_in_paris_golden_light_ap_2022_q4,Yoon Hyup · Night in Paris - Golden Light AP · 2022 Q4,orders,2026-06-26,2026-09-24,False,,0,3.0,0,,0.0,0.0,,3.0,0.0,0.0,0.0,0.0,0.0,,0.0,,0.0,0.0,,0.0,False,
yoon_hyup_summer_in_san_sebastian_2025_q3,Yoon Hyup · Summer in San Sebastian · 2025 Q3,orders,2025-05-26,2025-07-10,True,2025-05-30,177.0,0,5.0,177.0,177.0,177.0,177.0,0.0,5.0,0.0,177.0,177.0,177.0,177.1,177.0,,2.0,2.0,177.0,0.0,False,
yu_nagaba_toy_car_2023_q3,Yu Nagaba · Toy Car · 2023 Q3,funnel,2026-06-26,2026-09-24,False,,,,,,0.0,,,,,,0.0,0.0,0.0,,0.0,,0.0,0.0,,,,
yue_minjun_multiple_2023_q1,Yue Minjun · Multiple · 2023 Q1,funnel,2026-06-26,2026-09-24,False,,,,,,0.0,,,,,,0.0,0.0,0.0,,0.0,,0.0,0.0,,,,
yuichi_hirako_green_master_bloom_2022_q3,Yuichi Hirako · Green Master / Bloom · 2022 Q3,funnel,2026-06-26,2026-09-24,False,,,,,,0.0,,,,,,0.0,0.0,0.0,,0.0,,0.0,0.0,,,,
yuichi_hirako_green_master_bloom_ap_2022_q3,Yuichi Hirako · Green Master / Bloom AP · 2022 Q3,orders,2026-06-26,2026-09-24,False,,0,1.0,0,,0.0,0.0,,1.0,0.0,0.0,0.0,0.0,0.0,,0.0,,0.0,0.0,,0.0,False,
yutaka_hashimoto_study_for_null_portrait_of_someone_166_2024_q1,Yutaka Hashimoto · Study_for_Null_Portrait of someone#166 · 2024 Q1,orders,2026-06-26,2026-09-24,False,,0,51.0,0,,0.0,0.0,,51.0,0.0,0.0,0.0,0.0,0.0,,0.0,,0.0,0.0,,0.0,False,
zeng_fanzhi_rainbow_mask_series_1997_no_8_2026_q3,Zeng Fanzhi · Rainbow (Mask Series 1997 no.8) · 2026 Q3,orders,2026-06-12,2026-07-24,True,2026-06-24,180.0,0,6.0,180.0,180.0,180.0,180.0,0.0,6.0,0.0,180.0,180.0,180.0,180.0,180.0,,54.2,54.2,180.0,0.0,False,
zhang_huan_amitabha_2021_q3,Zhang Huan · Amitabha · 2021 Q3,orders,2026-06-26,2026-09-24,False,,1.0,0,0,,1.0,1.0,,0.0,0.0,0.0,1.0,1.0,1.0,,1.0,,0.0,0.0,,0.0,False,
zhang_ruyi_forced_separation_2024_q3,Zhang Ruyi · Forced Separation · 2024 Q3,orders,2026-06-26,2026-09-24,False,,0,7.0,0,0.0,0.0,0.0,0.0,7.0,0.0,0.0,0.0,0.0,0.0,,0.0,,0.0,0.0,,0.0,False,
