release_name,sessions,entrants,announce,close,source,announce_rule,close_rule,campaign_days
A-Lei · Magesian · 2022 Q3,138.0,0.0,,,none,,,
Aaron Johnson · Suburban Dreams · 2023 Q2,976.0,0.0,,,none,,,
Abdulnasser Gharem · Hemisphere · 2026 Q3,11645.0,36.0,2026-07-27,2026-08-25,upstream,upstream,upstream,29.0
Adam Pendleton · Multiple · 2025 Q1,14246.0,16.0,2024-12-10,2025-01-28,upstream,upstream,upstream,49.0
Adriana Oliver · My way back to you · 2022 Q4,281.0,0.0,,,none,,,
Adriana Oliver · Our Day · 2022 Q2,399.0,0.0,,,none,,,
Ahmed Mater · Multiple · 2026 Q3,8073.0,57.0,2026-07-03,2026-07-28,upstream,upstream,upstream,25.0
Ai Weiwei · Arm · Multiple · 2026 Q2,17590.0,390.0,2026-03-31,2026-04-22,upstream,upstream,upstream,22.0
Ai Weiwei · Glass Vase · 2023 Q3,16661.0,0.0,,,none,,,
Ai Weiwei · Multiple · 2023 Q2,8868.0,0.0,,,none,,,
Ai Weiwei · Multiple · 2024 Q4,9891.0,221.0,2024-11-20,2024-12-10,upstream,upstream,upstream,20.0
Ai Weiwei · Multiple · 2025 Q4,24455.0,423.0,2025-10-20,2025-11-17,inferred,draw opens,allocation day,28.0
Ai Weiwei · Multiple · 2026 Q3,4526.0,57.0,2026-05-12,,upstream,upstream,,
Ai Weiwei · To Be Looked At... · 2024 Q4,9915.0,182.0,2024-10-15,2024-11-04,upstream,upstream,upstream,20.0
Alex Katz · Ada Ada · 2025 Q4,44617.0,436.0,2025-10-01,2025-10-30,upstream,upstream,upstream,29.0
Alfie Caine · Multiple · 2022 Q3,727.0,0.0,,,none,,,
Alpha Centauri Kid · Warothy · 2023 Q4,5237.0,625.0,2023-11-03,2023-11-22,inferred,draw opens,allocation day,19.0
Amanda Baldwin · Bell Bay · 2023 Q3,1470.0,0.0,,,none,,,
Amani Lewis · TWO QUEENS: Ode to Romare Bearden · 2021 Q3,1734.0,0.0,,,none,,,
Amir H. Fallah · Multiple · 2022 Q2,935.0,0.0,,,none,,,
Andy Warhol Estate · Multiple · 2026 Q4,228520.0,1609.0,2026-09-04,2026-09-30,upstream,upstream,upstream,26.0
Angel Otero · Broken Record · 2022 Q2,846.0,0.0,,,none,,,
Anna Ridler · Price Per Stem · 2025 Q1,386.0,0.0,2025-01-08,,upstream,upstream,,
Anna Weyant · Loose Screw · 2022 Q2,2184.0,0.0,,,none,,,
Anni and Josef Albers · Multiple · 2026 Q2,21207.0,2385.0,2026-04-30,2026-05-28,upstream,upstream,upstream,28.0
Antony Micallef · Portrait of Francis Bacon · 2024 Q3,3036.0,138.0,2024-08-06,2024-08-27,upstream,upstream,upstream,21.0
Antony Micallef · Self Portrait with Blue Slash · 2026 Q2,7054.0,98.0,2026-05-01,2026-05-29,inferred,draw opens,allocation day,28.0
Antony Micallef · Self Portrait with Yellow Lake and Magenta · 2025 Q3,3815.0,32.0,2025-07-02,2025-07-29,upstream,upstream,upstream,27.0
Antony Micallef · The Union of Animals · 2022 Q4,398.0,0.0,,,none,,,
Arghavan Khosravi · Multiple · 2022 Q1,213.0,0.0,,,none,,,
Arghavan Khosravi · The Earring · 2023 Q4,1383.0,27.0,2023-09-28,2023-10-23,inferred,draw opens,allocation day,25.0
Artspace Amphora Project · Multiple · 2025 Q1,580.0,0.0,2024-12-10,2025-01-28,upstream,upstream,upstream,49.0
Asuka Anastacia Ogawa · Sleepy · 2024 Q2,1904.0,114.0,2024-05-07,2024-05-22,mixed,draw opens,upstream,15.0
Aubrey Levinthal · Bed/Beach · 2022 Q1,373.0,0.0,,,none,,,
Aya Takano · Anthem (Detail) · 2023 Q1,1785.0,0.0,,,none,,,
Backside works. · Multiple · 2026 Q3,9400.0,262.0,2026-07-02,2026-07-30,upstream,upstream,upstream,28.0
Baldur Helgason · Menippean Satire · 2024 Q1,3523.0,28.0,2024-02-09,2024-02-21,mixed,draw opens,upstream,12.0
Baldur Helgason · Picaresque · 2022 Q4,211.0,0.0,,,none,,,
Bell Nakai · Multiple · 2022 Q3,109.0,0.0,,,none,,,
Benrei Huang · Minority Rules · 2024 Q1,1809.0,0.0,,,none,,,
Bony Ramirez · TORO! · 2023 Q4,8918.0,0.0,,,none,,,
Bridget Mullen · Multiple · 2023 Q3,414.0,0.0,,,none,,,
Bäst · Sunday Afternoon · 2022 Q4,1342.0,0.0,,,none,,,
Cai Guo-Qiang · Multiple · 2026 Q4,106.0,0.0,,,none,,,
Cai Guo-Qiang · Snow Lotus No. 1 · 2024 Q1,2179.0,0.0,,,none,,,
Caleb Hahne Quintana · Ourselves Scattered Parts Of Earth · 2023 Q1,1138.0,0.0,,,none,,,
Camilla Engström · Island Creators · 2023 Q4,2091.0,61.0,2023-10-10,2023-11-07,inferred,draw opens,allocation day,28.0
Camilla Engström · Yellow Moon · 2022 Q3,800.0,0.0,,,none,,,
Che Lovelace · Emerald and Sun Dancers · 2022 Q3,1372.0,0.0,,,none,,,
Chen Wei Ting · Poetic fragments · 2023 Q2,663.0,0.0,,,none,,,
"Chris Huen Sin Kan · Joel, Tess and Haze · 2023 Q1",691.0,0.0,,,none,,,
Christian Rex van Minnen · A Sweet Tiger Man · 2021 Q4,18.0,0.0,,,none,,,
Christian Rex van Minnen · Angry Feels · 2021 Q4,15.0,0.0,,,none,,,
Christian Rex van Minnen · Deep Web Golden Bunny · 2021 Q4,24.0,0.0,,,none,,,
Christian Rex van Minnen · GM Bullish · 2021 Q4,29.0,0.0,,,none,,,
Christian Rex van Minnen · GN Bearish · 2021 Q4,23.0,0.0,,,none,,,
Christian Rex van Minnen · Hello Fren · 2021 Q4,23.0,0.0,,,none,,,
Christian Rex van Minnen · Multiple · 2023 Q2,1507.0,0.0,,,none,,,
Christian Rex van Minnen · Rare Hero · 2021 Q4,27.0,0.0,,,none,,,
Christian Rex van Minnen · The Expert · 2021 Q4,257.0,0.0,,,none,,,
Christian Rex van Minnen · Very Thick Avatar · 2021 Q4,20.0,0.0,,,none,,,
Christian Rex van Minnen · Very Thin Avatar · 2021 Q4,19.0,0.0,,,none,,,
Cindy Sherman · Untitled · 2026 Q2,30952.0,679.0,2026-05-14,2026-06-10,upstream,upstream,upstream,27.0
Claire Tabouret · Paysage d’Intérieur (printemps) · 2024 Q4,3042.0,0.0,2024-11-19,2024-12-11,upstream,upstream,upstream,22.0
Clayton Schiff · Visitor · 2022 Q3,934.0,0.0,,,none,,,
Cleon Peterson · Multiple · 2022 Q2,886.0,0.0,,,none,,,
Cristina de Miguel · Tentacular Thinking · 2024 Q3,2052.0,16.0,2024-08-05,2024-09-04,upstream,upstream,upstream,30.0
Cristina de Miguel · Two figures in the wind · 2022 Q2,201.0,0.0,,,none,,,
Cui Jie · Shanghai Federation of Industry & Commerce Building · 2023 Q4,812.0,0.0,,,none,,,
DRIFT · Proto Nature I · 2026 Q1,9219.0,51.0,2026-02-20,2026-03-19,inferred,draw opens,allocation day,27.0
DRIFT · Sine · 2022 Q3,4104.0,0.0,,,none,,,
"Dada Khanyisa · I can't change, even if I tried · 2023 Q1",1175.0,0.0,,,none,,,
Daniel Crews-Chubb · Immortal II (turquoise) · 2023 Q1,1643.0,0.0,,,none,,,
Danielle Mckinney · Dream Catcher · 2023 Q1,4670.0,0.0,,,none,,,
Danielle Mckinney · Shelter · 2024 Q3,8575.0,259.0,2024-08-21,2024-09-11,upstream,upstream,upstream,21.0
Danielle Orchard · A Warm Garden · 2023 Q2,1630.0,0.0,,,none,,,
Darren Romanelli · Cactus Man Vessel · 2022 Q1,113.0,0.0,,,none,,,
David Wojnarowicz · Multiple · 2026 Q4,3122.0,94.0,2026-09-30,2026-10-23,upstream,upstream,upstream,23.0
Dawnia Darkstone · Digital Chemicals · 2024 Q1,1365.0,7.0,,,none,,,
Deborah Brown · March Snowstorm · 2023 Q2,1326.0,0.0,,,none,,,
Deborah Segun · Multiple · 2023 Q2,3745.0,0.0,,,none,,,
DeeKay · Love Ripples · 2024 Q1,6236.0,241.0,2024-02-08,2024-02-14,mixed,draw opens,upstream,6.0
Dennis Osadebe · In Search For Light · 2023 Q4,1111.0,58.0,2023-11-13,2023-11-30,inferred,draw opens,allocation day,17.0
Dennis Osadebe · The People's Promise · 2022 Q4,280.0,0.0,,,none,,,
Derek Fordjour · Multiple · 2025 Q1,904.0,31.0,2024-12-10,2025-01-28,upstream,upstream,upstream,49.0
Devan Shimoyama · Le Mat · 2023 Q4,3502.0,0.0,,,none,,,
Dominique Fung · Handheld Fan · 2025 Q3,2056.0,49.0,2025-06-24,2025-07-22,upstream,upstream,upstream,28.0
Eddie Martinez · Olive Garden · 2026 Q2,8134.0,140.0,2026-04-24,2026-05-22,upstream,upstream,upstream,28.0
Eddie Martinez · Scaffold · 2024 Q2,9285.0,269.0,2024-05-08,2024-06-18,mixed,draw opens,upstream,41.0
"Ekene Emeka-Maduka · Tinko, Tinko in pretty aunty-give-me-cake · 2021 Q3",67.0,0.0,,,none,,,
Elmgreen & Dragset · The Observer · 2021 Q4,473.0,0.0,,,none,,,
Emily Xie · Guardian Lion · 2024 Q1,2163.0,96.0,2024-02-21,2024-03-07,mixed,draw opens,upstream,15.0
En Iwamura · Multiple · 2025 Q3,16722.0,80.0,2025-08-01,2025-08-27,upstream,upstream,upstream,26.0
Erik Parker · Multiple · 2022 Q3,270.0,0.0,,,none,,,
Esiri Erheriene-Essi · Multiple · 2022 Q1,671.0,0.0,,,none,,,
FUTURA · Multiple · 2022 Q4,470.0,0.0,,,none,,,
Face Oka · Multiple · 2022 Q3,1079.0,0.0,,,none,,,
Felipe Pantone · Subtractive Variability Dimensional 13 AA · 2026 Q2,31656.0,284.0,2026-05-22,2026-06-19,upstream,upstream,upstream,28.0
Felix Treadwell · Kindred Spirit · 2022 Q4,263.0,0.0,,,none,,,
Felix Treadwell · Silent Commuter · 2022 Q1,232.0,0.0,,,none,,,
Ferrari Sheppard · Iris · 2025 Q2,5043.0,131.0,2025-04-04,2025-05-01,upstream,upstream,upstream,27.0
Ferrari Sheppard · Put Some Red On It · 2026 Q1,12093.0,151.0,2026-01-08,2026-01-29,upstream,upstream,upstream,21.0
Friedrich Kunath · This Is The Worst Time Of My Life · 2022 Q4,1783.0,0.0,,,none,,,
Fvckrender · FEEL// · 2022 Q4,693.0,0.0,,,none,,,
Fvckrender · TOUCHED// · 2022 Q4,201.0,0.0,,,none,,,
George Condo · Fashion Model AP · 2025 Q1,0.0,0.0,2025-01-15,2025-02-18,upstream,upstream,upstream,34.0
George Condo · Fashion Model · 2025 Q1,9612.0,457.0,2025-01-15,2025-02-18,upstream,upstream,upstream,34.0
George Condo · Multiple · 2024 Q1,15934.0,740.0,2024-02-15,2024-03-20,mixed,draw opens,upstream,34.0
George Rouy · Keeping it for Myself · 2022 Q1,961.0,0.0,,,none,,,
George Rouy · Tearing of the Savage Breast · 2022 Q4,707.0,0.0,,,none,,,
Gina Beavers · Painting hearts and Ab-Exers on my lips · 2022 Q2,273.0,0.0,,,none,,,
Giorgiko · Unacquainted Friends · 2023 Q4,3199.0,0.0,,,none,,,
Gisela McDaniel · Are you watching? · 2022 Q1,1107.0,0.0,,,none,,,
Giuseppe Penone · Multiple · 2026 Q3,8440.0,35.0,2026-06-17,2026-07-16,upstream,upstream,upstream,29.0
Glenn Ligon · Multiple · 2026 Q3,10000.0,218.0,2026-08-17,2026-09-17,upstream,upstream,upstream,31.0
"Grant Levy-Lucero · de la Rosa, Dulcería La Moderna · 2023 Q2",764.0,0.0,,,none,,,
Grant Riven Yun · En Route · 2022 Q4,633.0,0.0,,,none,,,
Grant Riven Yun · Fall · 2023 Q2,6108.0,0.0,,,none,,,
Grant Riven Yun · High Fly Over the Valley · 2026 Q2,4830.0,38.0,2026-03-13,2026-04-08,inferred,draw opens,last entry day,26.0
Grant Riven Yun · Multiple · 2023 Q3,48.0,0.0,,,none,,,
Grayson Perry · Magical Thinking (Large) · 2025 Q2,5166.0,0.0,2025-03-13,2025-04-16,upstream,upstream,upstream,34.0
Guimi You · Point Reyes · 2022 Q4,1792.0,0.0,,,none,,,
Hajime Sorayama · Untitled · 2025 Q2,38178.0,532.0,2025-03-10,2025-04-07,upstream,upstream,upstream,28.0
Hank Willis Thomas · “Success is no accident.” · 2026 Q2,20569.0,434.0,2026-06-08,2026-06-30,upstream,upstream,upstream,22.0
Harland Miller · Multiple · 2025 Q1,3282.0,28.0,2024-12-10,2025-01-28,upstream,upstream,upstream,49.0
Harland Miller · Multiple · 2025 Q3,9065.0,337.0,2025-08-29,2025-09-30,upstream,upstream,upstream,32.0
Harland Miller · York So Good They Named It Once · 2025 Q2,8053.0,111.0,2025-03-17,2025-04-14,upstream,upstream,upstream,28.0
Haroshi & James Jean · Multiple · 2023 Q3,15144.0,0.0,,,none,,,
Haroshi · Multiple · 2022 Q4,303.0,0.0,,,none,,,
Hassan Hajjaj · Yazid & Rania · 2021 Q3,925.0,0.0,,,none,,,
Hebru Brantley · Free Advice (Large) · 2022 Q1,0.0,0.0,,,none,,,
Hebru Brantley · Free Advice · 2022 Q2,501.0,0.0,,,none,,,
Hein Koh · Reclining Carrot · 2022 Q3,652.0,0.0,,,none,,,
Hideaki Kawashima · Multiple · 2022 Q1,330.0,0.0,,,none,,,
Hideaki Kawashima · Multiple · 2023 Q4,1613.0,0.0,,,none,,,
Hikari Shimoda · Children of this Planet #38 · 2023 Q2,2739.0,0.0,,,none,,,
Hilary Pecis · Multiple · 2025 Q1,722.0,22.0,2024-12-10,2025-01-28,upstream,upstream,upstream,49.0
Hiroya Kurata · Lemonhead · 2023 Q4,1124.0,0.0,,,none,,,
Hyangmok Baik · I Know What You Did Last Summer · 2023 Q1,5020.0,0.0,,,none,,,
Imon Boy · Multiple · 2022 Q2,146.0,0.0,,,none,,,
Iskra Velitchkova · EYENESSLESS · 2024 Q3,1181.0,6.0,2024-08-28,2024-09-10,upstream,upstream,upstream,13.0
"JR · GIANTS, High jump in Rio · 2023 Q3",2487.0,0.0,,,none,,,
"Jack Kaido · ICYMI, 2024 · 2024 Q4",1356.0,14.0,2024-10-16,2024-10-31,upstream,upstream,upstream,15.0
Jaime Muñoz · Self Portrait · 2022 Q3,1357.0,0.0,,,none,,,
Jake Fried · Open Eyes (Flower) · 2023 Q3,1353.0,0.0,,,none,,,
Jake Fried · Open Eyes (Signal) · 2024 Q1,1931.0,41.0,2024-01-08,2024-01-17,mixed,draw opens,upstream,9.0
James Jarvis · Hang in there! · 2025 Q3,13205.0,171.0,2025-07-02,2025-07-29,upstream,upstream,upstream,27.0
James Jean · Bath Saxum · 2022 Q4,775.0,0.0,,,none,,,
James Jean · Maze (Print) · 2022 Q4,1287.0,0.0,,,none,,,
James Jean · Multiple · 2026 Q3,49233.0,890.0,2026-07-30,2026-08-20,upstream,upstream,upstream,21.0
James Jean · Woodcutter (Bronze) · 2022 Q2,834.0,0.0,,,none,,,
Jammie Holmes · Fred · 2025 Q1,3485.0,89.0,2025-02-04,2025-03-04,upstream,upstream,upstream,28.0
Jang Koal · Umma · 2022 Q4,132.0,0.0,,,none,,,
Jaume Plensa · UTOPIA · 2026 Q3,67140.0,354.0,2026-07-07,2026-07-29,upstream,upstream,upstream,22.0
Javier Calleja · Multiple · 2024 Q2,9638.0,157.0,2024-04-08,2024-05-01,mixed,traffic spike,upstream,23.0
Jean-Michel Othoniel · Lotus of Hope · 2021 Q4,276.0,0.0,,,none,,,
Jean-Michel Othoniel · Multiple · 2026 Q1,17698.0,274.0,2026-02-02,2026-03-03,upstream,upstream,upstream,29.0
Jeff Koons · Multiple · 2026 Q1,152707.0,783.0,2026-02-18,2026-03-17,upstream,upstream,upstream,27.0
Jen Stark · Dichroic Mandala · 2022 Q4,1924.0,0.0,,,none,,,
Jen Stark · In Between Space · 2021 Q3,479.0,0.0,,,none,,,
Jen Stark · Shape Shift · 2022 Q3,266.0,0.0,,,none,,,
Jenna Gribbon · Glaring Shade · 2023 Q2,655.0,0.0,,,none,,,
Jenny Holzer · Multiple · 2025 Q1,5323.0,20.0,2024-12-10,2025-01-28,upstream,upstream,upstream,49.0
Jessie Makinson · Multiple · 2022 Q1,803.0,0.0,,,none,,,
Jia Aili · Multiple · 2022 Q2,395.0,0.0,,,none,,,
Joakim Ojanen · Multiple · 2022 Q3,525.0,0.0,,,none,,,
Joakim Ojanen · SPENDING THE DAY ON A STONE (Pink) · 2023 Q1,879.0,0.0,,,none,,,
Joakim Ojanen · The dance we dance when we are together · 2026 Q1,5673.0,93.0,2025-12-16,2026-01-22,inferred,draw opens,allocation day,37.0
Johnson Tsang · Alliance · 2026 Q2,12283.0,308.0,2026-06-04,2026-06-11,upstream,upstream,upstream,7.0
Johnson Tsang · Multiple · 2022 Q1,9125.0,0.0,,,none,,,
Johnson Tsang · Multiple · 2023 Q3,3241.0,0.0,,,none,,,
Johnson Tsang · Open the Right Mind · 2023 Q4,8850.0,166.0,2023-09-25,2023-10-25,inferred,draw opens,allocation day,30.0
Johnson Tsang · Remembrance · 2025 Q3,9717.0,147.0,2025-07-14,2025-08-14,upstream,upstream,upstream,31.0
Johnson Tsang · Searching for Spring · 2022 Q2,8722.0,0.0,,,none,,,
Johnson Tsang · The Moment · 2024 Q4,10449.0,258.0,2024-09-11,2024-10-09,upstream,upstream,upstream,28.0
Johnson Tsang · Work in Progress · 2026 Q1,7217.0,384.0,2025-12-18,2026-01-23,upstream,upstream,upstream,36.0
Jonny Niesche · Diamond Vibration (Caught by the fuzz) · 2023 Q4,1628.0,72.0,2023-10-23,2023-11-14,inferred,draw opens,allocation day,22.0
Jonny Niesche · moon moth lust in warm copper AP · 2022 Q4,0.0,0.0,,,none,,,
Jonny Niesche · moon moth lust in warm copper · 2022 Q4,223.0,0.0,,,none,,,
Jordan Casteel · Multiple · 2025 Q1,5193.0,17.0,2024-12-10,2025-01-28,upstream,upstream,upstream,49.0
Jordi Ribes · Multiple · 2022 Q3,638.0,0.0,,,none,,,
Josh Smith · Multiple · 2025 Q1,6637.0,8.0,2024-12-10,2025-01-28,upstream,upstream,upstream,49.0
José Parlá · Multiple · 2024 Q4,5905.0,106.0,2024-11-11,2024-12-02,upstream,upstream,upstream,21.0
Judy Chicago · Reincarnation Triptych · 2025 Q4,10247.0,108.0,2025-10-27,2025-11-25,upstream,upstream,upstream,29.0
Julian Schnabel · Multiple · 2026 Q3,20886.0,202.0,2026-09-01,2026-09-25,upstream,upstream,upstream,24.0
Julian Schnabel · The Swedish House 01 · 2022 Q2,132.0,0.0,,,none,,,
Julian Schnabel · The Swedish House 02 · 2022 Q2,92.0,0.0,,,none,,,
Julian Schnabel · The Swedish House 03 · 2022 Q2,49.0,0.0,,,none,,,
Julian Schnabel · The Swedish House 04 · 2022 Q2,35.0,0.0,,,none,,,
Julian Schnabel · The Swedish House 05 · 2022 Q2,50.0,0.0,,,none,,,
Julian Schnabel · The Swedish House 06 · 2022 Q2,43.0,0.0,,,none,,,
Julian Schnabel · The Swedish House 07 · 2022 Q2,58.0,0.0,,,none,,,
Julian Schnabel · The Swedish House 08 · 2022 Q2,28.0,0.0,,,none,,,
Julian Schnabel · The Swedish House 09 · 2022 Q2,22.0,0.0,,,none,,,
Julian Schnabel · The Swedish House 10 · 2022 Q2,25.0,0.0,,,none,,,
Kara Joslyn · GOOD THING YOU ARE NOT ALONE · 2022 Q4,219.0,0.0,,,none,,,
Katherina Olschbaur · Humility and the Other One in Me · 2023 Q3,1935.0,0.0,,,none,,,
Katherine Bradford · Swing Over Pool · 2025 Q3,4294.0,115.0,2025-07-16,2025-08-12,upstream,upstream,upstream,27.0
Katie Hector · Multiple · 2023 Q2,450.0,0.0,,,none,,,
Kaï · Content (Hand-finished) · 2024 Q2,425.0,0.0,,,none,,,
Kaï · Content · 2024 Q2,3586.0,100.0,2024-05-14,2024-05-29,mixed,draw opens,upstream,15.0
Keita Morimoto · Cityscape · 2023 Q2,2107.0,0.0,,,none,,,
Khari Turner · Rest and Wellness · 2022 Q1,1932.0,0.0,,,none,,,
Koichi Sato · Brush Sense of Values · 2022 Q3,231.0,0.0,,,none,,,
Kotao Tomozawa · Multiple · 2023 Q4,4720.0,69.0,2023-10-17,2023-11-08,inferred,draw opens,allocation day,22.0
Kotao Tomozawa · slime XCIX · 2023 Q3,5213.0,0.0,,,none,,,
Kpe Innocent · Multiple · 2023 Q2,343.0,0.0,,,none,,,
Kudzanai-Violet Hwami · Multiple · 2022 Q3,607.0,0.0,,,none,,,
Kwesi Botchway · African Style · 2023 Q1,2294.0,0.0,,,none,,,
Kwesi Botchway · Lady with a Tampi · 2022 Q2,929.0,0.0,,,none,,,
LY · Confused LUV (Medium) · 2022 Q4,116.0,0.0,,,none,,,
LY · LUV Blossoming · 2025 Q2,3957.0,46.0,2025-04-11,2025-05-14,upstream,upstream,upstream,33.0
LY · LUV New Beginnings · 2026 Q3,6240.0,38.0,2026-06-16,2026-07-07,upstream,upstream,upstream,21.0
LY · LUV Somewhere New · 2023 Q4,4269.0,167.0,2023-11-23,2023-12-12,mixed,draw opens,upstream,19.0
LY · Multiple · 2022 Q1,490.0,0.0,,,none,,,
LY · Multiple · 2023 Q2,7769.0,0.0,,,none,,,
LY · Standing with LUV (Medium) · 2022 Q4,1053.0,0.0,,,none,,,
LY · This is LUV (Small) · 2022 Q3,210.0,0.0,,,none,,,
LY · With his Sidekick (Small) · 2022 Q3,190.0,0.0,,,none,,,
Larry Bell · Little 3DVD · 2022 Q4,412.0,0.0,,,none,,,
Laura El · Park Ave · 2024 Q1,5081.0,58.0,2024-01-22,2024-02-13,mixed,draw opens,upstream,22.0
Lawrence Weiner · HERE & NOW · 2022 Q4,889.0,0.0,,,none,,,
Lee Ufan · Dialogue · 2026 Q1,42941.0,427.0,2025-05-22,,upstream,upstream,,
Lee Ufan · Multiple · 2025 Q2,89543.0,749.0,2025-05-22,2025-06-26,upstream,upstream,upstream,35.0
Liang Fu · Anonyme · 2023 Q1,1539.0,0.0,,,none,,,
Lin Yen-Liang · Multiple · 2022 Q3,105.0,0.0,,,none,,,
Lina Iris Viktor · Ekstasis · 2021 Q4,255.0,0.0,,,none,,,
Linda Dounia · Faux Letters · 2024 Q2,975.0,0.0,,,none,,,
Loie Hollowell · Mother's Milk · 2026 Q4,122.0,0.0,,,none,,,
Luc Tuymans · Bell Boy · 2026 Q1,6070.0,241.0,2026-03-03,2026-03-31,inferred,draw opens,allocation day,28.0
Luis Ponce · And the Absurd Was Born · 2023 Q4,1895.0,76.0,2023-10-24,2023-11-10,inferred,draw opens,allocation day,17.0
Magdalena Suarez Frimkess · Homage for Jasper Johns · 2024 Q3,2389.0,44.0,2024-07-11,2024-08-06,mixed,draw opens,upstream,26.0
Maiko Kobayashi · Moving Colours · 2023 Q1,1817.0,0.0,,,none,,,
Makiko Kudo · Nanohana Ramen · 2022 Q3,663.0,0.0,,,none,,,
Marcela Flórido · BLOOM · 2023 Q3,919.0,0.0,,,none,,,
Marcus Jansen · Afro Painter · 2023 Q4,4185.0,0.0,,,none,,,
Marina Perez Simão · Untitled · 2023 Q2,2944.0,0.0,,,none,,,
Mark Whalen · Early Light · 2023 Q3,820.0,0.0,,,none,,,
Mark Whalen · Lucky Charm · 2022 Q1,261.0,0.0,,,none,,,
Maurizio Cattelan · La Nona Ora · 2026 Q2,153020.0,1185.0,2026-04-02,2026-04-23,upstream,upstream,upstream,21.0
Maurizio Cattelan · Multiple · 2027 Q1,117884.0,1099.0,2026-09-21,2026-10-15,upstream,upstream,upstream,24.0
Maurizio Cattelan · THERAPY · 2026 Q2,14613.0,392.0,2026-04-13,2026-05-05,upstream,upstream,upstream,22.0
Maurizio Cattelan · We are the Revolution · 2025 Q4,104995.0,2834.0,2025-09-23,2025-10-24,upstream,upstream,upstream,31.0
Maurizio Cattelan · Window · 2026 Q1,28086.0,671.0,2026-01-26,2026-02-20,inferred,draw opens,allocation day,25.0
Maxwell Mustardo · Multiple · 2023 Q2,786.0,0.0,,,none,,,
Michael Kagan · Concorde · 2021 Q4,325.0,0.0,,,none,,,
Michael Kagan · Saturn V · 2022 Q3,147.0,0.0,,,none,,,
Michael Kozlowski · Mecha · 2024 Q2,1162.0,0.0,,,none,,,
Michaela Yearwood-Dan · Multiple · 2023 Q4,3419.0,0.0,,,none,,,
Michaël Borremans · The Monkey · 2027 Q1,0.0,0.0,,,none,,,
Minhee Kim · Multiple · 2023 Q2,509.0,0.0,,,none,,,
Miwa Komatsu · Innocent Days and Wishes · 2025 Q2,2219.0,63.0,2025-03-05,2025-04-02,upstream,upstream,upstream,28.0
Miwa Komatsu · Multiple · 2023 Q4,4154.0,204.0,2023-09-25,2023-10-16,inferred,draw opens,allocation day,21.0
Miwa Komatsu · Three Guardians: Gatekeeping the Heat and Cold · 2026 Q2,4355.0,100.0,2026-05-27,2026-06-23,upstream,upstream,upstream,27.0
Miwa Komatsu · White and Black Guiding Yamainu-sama · 2024 Q4,3711.0,64.0,2024-10-21,2024-11-20,upstream,upstream,upstream,30.0
Moe Nakamura · Inside Us · 2023 Q4,6037.0,0.0,,,none,,,
Molly Greene · Bur · 2022 Q4,282.0,0.0,,,none,,,
Mr. StarCity · Multiple · 2022 Q2,488.0,0.0,,,none,,,
NKSIN · MY DAVID X · 2023 Q3,2124.0,0.0,,,none,,,
Neo Image Matloga · Majakathata · 2021 Q3,286.0,0.0,,,none,,,
Nicasio Fernandez · D.I.Y (Hand-finished) · 2022 Q4,243.0,0.0,,,none,,,
Nicasio Fernandez · D.I.Y · 2022 Q4,135.0,0.0,,,none,,,
Nicolas Holiber · Multiple · 2022 Q2,312.0,0.0,,,none,,,
Nigel Howlett · Multiple · 2022 Q1,572.0,0.0,,,none,,,
Nikki Maloof · Oranges · 2022 Q2,301.0,0.0,,,none,,,
Okokume · Sumergidos · 2023 Q1,2133.0,0.0,,,none,,,
"Oscar yi Hou · Coolieisms, aka: Born In The USA (Go And Kill The Yellow Man) · 2025 Q2",7398.0,7.0,2025-03-25,2025-04-22,upstream,upstream,upstream,28.0
Other World · Dogs of War · 2025 Q2,2488.0,39.0,2025-03-11,2025-04-15,inferred,traffic spike,allocation day,35.0
Pablo Tomek · Multiple · 2023 Q2,330.0,0.0,,,none,,,
Parra · Multiple · 2024 Q4,26397.0,343.0,2024-10-03,2024-10-24,inferred,draw opens,allocation day,21.0
Parra · Multiple · 2026 Q3,27329.0,507.0,2026-07-31,2026-08-21,upstream,upstream,upstream,21.0
Patrick Quarm · Multiple · 2022 Q1,514.0,0.0,,,none,,,
Paul Insect · Christmas Tree Baubles · 2022 Q4,7036.0,0.0,,,none,,,
Paul Insect · Multiple · 2021 Q4,514.0,0.0,,,none,,,
Paul Insect · Multiple · 2023 Q3,4512.0,0.0,,,none,,,
Paul Insect · Multiple · 2024 Q3,6790.0,94.0,2024-07-12,2024-07-30,mixed,draw opens,upstream,18.0
Paul Insect · Prismatic Visions · 2026 Q2,7617.0,100.0,2026-04-09,2026-04-30,inferred,draw opens,allocation day,21.0
Paul Insect · Sweetie Jar · 2022 Q2,43.0,0.0,,,none,,,
Paul McCarthy · Santa with Butt Plug Bronze 11.4 inches · 2022 Q4,1596.0,0.0,,,none,,,
Pejac · Multiple · 2024 Q3,45708.0,3598.0,2024-07-05,2024-07-16,mixed,traffic spike,upstream,11.0
Pejac · Multiple · 2026 Q1,27255.0,238.0,2026-01-23,2026-02-03,upstream,upstream,upstream,11.0
Peter Halley · Galaxia II · 2022 Q2,618.0,0.0,,,none,,,
Peter Halley · Rising High II · 2024 Q2,2815.0,48.0,2024-05-02,2024-05-21,mixed,draw opens,upstream,19.0
Piet Mondrian Estate · Multiple · 2026 Q3,38928.0,1370.0,2026-07-24,2026-08-18,upstream,upstream,upstream,25.0
Prune Nourry · Mater Earth · 2023 Q1,1297.0,0.0,,,none,,,
Rafa Macarrón · Multiple · 2022 Q2,460.0,0.0,,,none,,,
Richard Woods · Multiple · 2023 Q4,1727.0,0.0,,,none,,,
Ripcache · Security · 2023 Q3,3582.0,357.0,2023-09-01,2023-09-20,inferred,draw opens,allocation day,19.0
"Robert Longo · Untitled (Sandy, from the series “Men in the Cities”) · 2026 Q3",25367.0,102.0,2026-09-07,2026-09-29,upstream,upstream,upstream,22.0
Robert Nava · Death Carrier Bunny · 2024 Q1,1908.0,0.0,,,none,,,
Roby Dwi Antono · BIAS II · 2022 Q4,581.0,0.0,,,none,,,
Roby Dwi Antono · BIAS · 2022 Q1,297.0,0.0,,,none,,,
Roby Dwi Antono · CLEMENTINE · 2023 Q4,2634.0,39.0,2023-10-10,2023-10-31,inferred,draw opens,allocation day,21.0
Roby Dwi Antono · HAYU · 2023 Q1,1242.0,0.0,,,none,,,
Roby Dwi Antono · KIRA · 2021 Q3,827.0,0.0,,,none,,,
Roby Dwi Antono · Multiple · 2022 Q2,1253.0,0.0,,,none,,,
Rooo Lou · Earnest · 2023 Q2,1016.0,0.0,,,none,,,
Roy Lichtenstein Estate · Multiple · 2026 Q4,6807.0,371.0,2026-10-01,2026-10-29,upstream,upstream,upstream,28.0
Ryan Travis Christian · CHATTE PARFAITE · 2023 Q2,1730.0,0.0,,,none,,,
Ryo Laksamana · Multiple · 2022 Q2,252.0,0.0,,,none,,,
SETH · Little Sower · 2023 Q4,3553.0,0.0,,,none,,,
Salvador Dali Estate · Multiple · 2026 Q3,71647.0,2140.0,2026-08-21,2026-09-11,upstream,upstream,upstream,21.0
Sarah Morris · Industry (Spiderweb) · 2023 Q2,957.0,0.0,,,none,,,
Satoru Koizumi · Studio 2021 · 2021 Q2,113.0,0.0,,,none,,,
Satoru Koizumi · White Rhino · 2022 Q4,322.0,0.0,,,none,,,
Sayre Gomez · America's Tire · 2025 Q2,3780.0,9.0,2025-04-03,2025-04-29,upstream,upstream,upstream,26.0
Scott Kahn · INGERSOLL'S BRANCH · 2022 Q4,584.0,0.0,,,none,,,
"Scott Kahn · Spring Moon, Grant Street (Hand-finished) · 2021 Q3",248.0,0.0,,,none,,,
Shaina McCoy · Hoops · 2022 Q2,313.0,0.0,,,none,,,
Shaina McCoy · Tiff · 2023 Q2,2375.0,0.0,,,none,,,
Shigeki Matsuyama · Multiple · 2023 Q2,1651.0,0.0,,,none,,,
Slawn · Ugly Bastard · 2024 Q3,14087.0,115.0,2024-07-23,2024-08-08,mixed,draw opens,upstream,16.0
So Youn Lee · Ready? · 2023 Q4,5299.0,0.0,,,none,,,
Stickymonger · Multiple · 2022 Q1,171.0,0.0,,,none,,,
Stickymonger · Multiple · 2022 Q2,200.0,0.0,,,none,,,
Stickymonger · Multiple · 2022 Q3,150.0,0.0,,,none,,,
Sun-Kyo Park · Multiple · 2022 Q3,66.0,0.0,,,none,,,
Super Future Kid · Multiple · 2022 Q1,950.0,0.0,,,none,,,
Susumu Kamijo · Dance For Me In The Dusk · 2021 Q4,520.0,0.0,,,none,,,
Szabolcs Bozó · Multiple · 2023 Q3,5091.0,0.0,,,none,,,
TIDE · Multiple · 2022 Q1,507.0,0.0,,,none,,,
TIDE · Multiple · 2024 Q4,3933.0,56.0,2024-08-29,2024-11-04,upstream,upstream,upstream,67.0
Tahnee Lonsdale · Dove · 2023 Q3,2720.0,0.0,,,none,,,
Takahiro Komuro · Ground Dragon · 2022 Q2,286.0,0.0,,,none,,,
Takahiro Komuro · Sphinx - Kira · 2023 Q4,4197.0,0.0,,,none,,,
Takashi Murakami · Multiple · 2026 Q2,24461.0,3210.0,2026-05-01,2026-05-27,upstream,upstream,upstream,26.0
Takeru Amano · Venus · 2023 Q2,4968.0,0.0,,,none,,,
Taku Obata · B BOY JUSHI · 2025 Q1,5488.0,232.0,2025-01-20,2025-02-21,upstream,upstream,upstream,32.0
Taku Obata · B BOY SEIDOU · 2024 Q4,9569.0,30.0,2024-09-12,2024-10-01,upstream,upstream,upstream,19.0
Taylor Lee · Multiple · 2023 Q4,4480.0,0.0,,,none,,,
Tomokazu Matsuyama · Broken Train Pick Me · 2021 Q3,221.0,0.0,,,none,,,
Tomokazu Matsuyama · Clocks Daylight Jump · 2022 Q1,274.0,0.0,,,none,,,
Tomokazu Matsuyama · Morning Sun Dance · 2025 Q3,4004.0,58.0,2025-09-09,2025-09-22,upstream,upstream,upstream,13.0
Tomokazu Matsuyama · Multiple · 2022 Q2,399.0,0.0,,,none,,,
Tomokazu Matsuyama · Perfect All Alone Ironic · 2023 Q4,4198.0,23.0,2023-11-13,2023-12-05,inferred,traffic spike,allocation day,22.0
Tomokazu Matsuyama · The Seed Shiver Shine & Bright · 2022 Q4,378.0,0.0,,,none,,,
Tomoo Gokita · Oscalypso · 2022 Q1,247.0,0.0,,,none,,,
Tomás Sánchez · Sonido de aguas en la noche · 2022 Q1,39070.0,0.0,,,none,,,
Tschabalala Self · Lady in Yellow on Spiral Seat #2 Teal Background · 2022 Q4,112.0,0.0,,,none,,,
Tschabalala Self · Multiple · 2026 Q3,2396.0,76.0,2026-07-10,2026-09-01,inferred,traffic spike,allocation day,53.0
Tschabalala Self · Seated Bronze · 2022 Q4,360.0,0.0,,,none,,,
Urs Fischer · Multiple · 2026 Q2,11056.0,139.0,2026-06-03,2026-06-25,upstream,upstream,upstream,22.0
Vhils · Multiple · 2024 Q3,17843.0,0.0,2024-09-16,2024-09-24,upstream,upstream,upstream,8.0
"Wang Zhibo · 15℃, Nationalistic Optimism by the Sea · 2024 Q3",739.0,4.0,,,none,,,
Will Cotton · The Cowgirl · 2025 Q1,7977.0,110.0,2025-01-20,2025-02-14,upstream,upstream,upstream,25.0
William Blake · Multiple · 2025 Q4,2756.0,19.0,2025-11-17,2025-12-02,upstream,upstream,upstream,15.0
William Mapan · Centrifuge · 2024 Q1,2162.0,100.0,2024-01-12,2024-01-24,mixed,draw opens,upstream,12.0
Woo Kuk Won · Multiple · 2024 Q4,5815.0,465.0,2024-10-24,2024-11-19,upstream,upstream,upstream,26.0
Woo Kuk Won · Multiple · 2025 Q3,5176.0,312.0,2025-09-02,2025-09-30,upstream,upstream,upstream,28.0
Yoon Hyup · Ambre Roulette · 2026 Q3,19144.0,318.0,2026-06-25,2026-07-23,upstream,upstream,upstream,28.0
Yoon Hyup · City Fountain · 2024 Q3,3199.0,0.0,,,none,,,
Yoon Hyup · In The City · 2023 Q4,5825.0,272.0,2023-11-08,2023-11-20,inferred,draw opens,allocation day,12.0
Yoon Hyup · Night in Paris - Golden Light AP · 2022 Q4,0.0,0.0,,,none,,,
Yoon Hyup · Night in Paris - Golden Light · 2022 Q4,1152.0,0.0,,,none,,,
Yoon Hyup · Summer in San Sebastian · 2025 Q3,7943.0,254.0,2025-06-09,2025-07-08,upstream,upstream,upstream,29.0
Yu Nagaba · Toy Car · 2023 Q3,6096.0,0.0,,,none,,,
Yue Minjun · Multiple · 2023 Q1,4037.0,0.0,,,none,,,
Yuichi Hirako · Green Master / Bloom AP · 2022 Q3,0.0,0.0,,,none,,,
Yuichi Hirako · Green Master / Bloom · 2022 Q3,341.0,0.0,,,none,,,
Yutaka Hashimoto · Study_for_Null_Portrait of someone#166 · 2024 Q1,2846.0,0.0,,,none,,,
Zeng Fanzhi · Multiple · 2026 Q3,10870.0,73.0,2026-07-29,2026-08-26,upstream,upstream,upstream,28.0
Zeng Fanzhi · Rainbow (Mask Series 1997 no.8) · 2026 Q3,17262.0,275.0,2026-06-26,2026-07-22,upstream,upstream,upstream,26.0
Zhang Huan · Amitabha · 2021 Q3,158.0,0.0,,,none,,,
Zhang Ruyi · Forced Separation · 2024 Q3,754.0,6.0,,,none,,,
b.wing · Multiple · 2022 Q3,129.0,0.0,,,none,,,
