release_name,artist,campaign_start,entrants,eligible_entrants,winners,buyers,units,entrants_bought_before,entrants_entered_before,buyers_bought_before,buyers_first_time,artist_previous_releases,entrants_from_artist_previous,buyers_from_artist_previous,share_entrants_returning,share_buyers_returning,share_entrants_from_artist_previous
Zhang Huan · Amitabha · 2021 Q3,Zhang Huan,2026-09-10,0,0,0,1,1.0,0,0,0,1,0,0,0,,0.0,
"Robert Longo · Untitled (Sandy, from the series “Men in the Cities”) · 2026 Q3",Robert Longo,2026-09-07,16,15,12,40,41.0,4,7,32,8,0,0,0,0.25,0.8,0.0
Andy Warhol Estate · Multiple · 2026 Q3,Andy Warhol Estate,2026-09-02,172,161,117,217,311.0,33,48,122,95,0,0,0,0.1919,0.5622,0.0
Julian Schnabel · Multiple · 2026 Q3,Julian Schnabel,2026-08-31,49,48,34,58,69.0,9,12,31,27,5,0,0,0.1837,0.5345,0.0
Ai Weiwei · Multiple · 2026 Q3,Ai Weiwei,2026-08-28,13,9,5,12,12.0,7,8,10,2,6,2,2,0.5385,0.8333,0.1538
Salvador Dali Estate · Multiple · 2026 Q3,Salvador Dali Estate,2026-08-21,1196,1038,875,631,1091.0,87,117,99,532,0,0,0,0.0727,0.1569,0.0
Glenn Ligon · Multiple · 2026 Q3,Glenn Ligon,2026-08-17,110,98,61,94,130.0,44,40,54,40,0,0,0,0.4,0.5745,0.0
Parra · Multiple · 2026 Q3,Parra,2026-07-31,301,253,206,264,297.0,31,55,86,178,1,15,37,0.103,0.3258,0.0498
James Jean · Multiple · 2026 Q3,James Jean,2026-07-30,546,491,481,510,587.0,54,60,89,421,4,6,9,0.0989,0.1745,0.011
Zeng Fanzhi · Multiple · 2026 Q3,Zeng Fanzhi,2026-07-29,39,32,32,47,61.0,11,14,23,24,1,3,12,0.2821,0.4894,0.0769
Abdulnasser Gharem · Hemisphere · 2026 Q3,Abdulnasser Gharem,2026-07-27,19,14,14,16,20.0,3,4,7,9,0,0,0,0.1579,0.4375,0.0
Piet Mondrian Estate · Multiple · 2026 Q3,Piet Mondrian Estate,2026-07-24,763,674,521,654,889.0,128,164,227,427,0,0,0,0.1678,0.3471,0.0
Tschabalala Self · Multiple · 2026 Q3,Tschabalala Self,2026-07-09,70,59,8,97,101.0,22,25,63,34,1,0,1,0.3143,0.6495,0.0
Jaume Plensa · UTOPIA · 2026 Q3,Jaume Plensa,2026-07-07,251,226,226,218,218.0,23,25,30,188,0,0,0,0.0916,0.1376,0.0
Backside works. · Multiple · 2026 Q3,Backside works.,2026-07-02,132,108,41,74,97.0,29,33,42,32,0,0,0,0.2197,0.5676,0.0
Ahmed Mater · Multiple · 2026 Q3,Ahmed Mater,2026-07-01,31,20,20,27,32.0,7,10,8,19,0,0,0,0.2258,0.2963,0.0
Zeng Fanzhi · Rainbow (Mask Series 1997 no.8) · 2026 Q3,Zeng Fanzhi,2026-06-26,177,160,160,182,187.0,53,63,74,108,0,0,0,0.2994,0.4066,0.0
Yoon Hyup · Ambre Roulette · 2026 Q3,Yoon Hyup,2026-06-25,187,160,160,196,197.0,30,50,61,135,5,22,36,0.1604,0.3112,0.1176
Giuseppe Penone · Multiple · 2026 Q3,Giuseppe Penone,2026-06-17,18,15,15,20,23.0,4,5,9,11,0,0,0,0.2222,0.45,0.0
LY · LUV New Beginnings · 2026 Q3,LY,2026-06-16,23,19,19,32,32.0,13,13,23,9,10,7,12,0.5652,0.7188,0.3043
Hank Willis Thomas · “Success is no accident.” · 2026 Q2,Hank Willis Thomas,2026-06-08,271,254,254,292,297.0,54,65,80,212,0,0,0,0.1993,0.274,0.0
Johnson Tsang · Alliance · 2026 Q2,Johnson Tsang,2026-06-04,191,165,152,198,199.0,55,75,93,105,7,39,63,0.288,0.4697,0.2042
Urs Fischer · Multiple · 2026 Q2,Urs Fischer,2026-06-03,84,72,72,90,112.0,29,37,46,44,0,0,0,0.3452,0.5111,0.0
Miwa Komatsu · Three Guardians: Gatekeeping the Heat and Cold · 2026 Q2,Miwa Komatsu,2026-05-27,59,51,24,48,48.0,16,27,33,15,3,14,23,0.2712,0.6875,0.2373
Felipe Pantone · Subtractive Variability Dimensional 13 AA · 2026 Q2,Felipe Pantone,2026-05-22,177,155,154,153,153.0,32,39,44,109,0,0,0,0.1808,0.2876,0.0
Cindy Sherman · Untitled · 2026 Q2,Cindy Sherman,2026-05-14,449,397,345,489,497.0,66,87,170,319,0,0,0,0.147,0.3476,0.0
Takashi Murakami · Multiple · 2026 Q2,Takashi Murakami,2026-04-29,1686,1500,319,686,821.0,459,479,334,352,0,0,0,0.2722,0.4869,0.0
Antony Micallef · Self Portrait with Blue Slash · 2026 Q2,Antony Micallef,2026-04-28,57,41,40,65,65.0,16,20,29,36,3,12,20,0.2807,0.4462,0.2105
Anni and Josef Albers · Multiple · 2026 Q2,Anni and Josef Albers,2026-04-27,1244,1143,788,831,979.0,81,98,92,739,0,0,0,0.0651,0.1107,0.0
Eddie Martinez · Olive Garden · 2026 Q2,Eddie Martinez,2026-04-24,82,77,77,101,102.0,28,31,51,50,1,14,24,0.3415,0.505,0.1707
Maurizio Cattelan · THERAPY · 2026 Q2,Maurizio Cattelan,2026-04-13,221,199,199,316,325.0,46,73,161,155,3,66,141,0.2081,0.5095,0.2986
Paul Insect · Prismatic Visions · 2026 Q2,Paul Insect,2026-04-05,56,47,47,50,50.0,19,25,24,26,5,4,9,0.3393,0.48,0.0714
Maurizio Cattelan · La Nona Ora · 2026 Q2,Maurizio Cattelan,2026-04-02,721,488,448,643,651.0,64,109,155,488,2,76,145,0.0888,0.2411,0.1054
Ai Weiwei · Arm · Multiple · 2026 Q2,Ai Weiwei,2026-03-31,215,181,124,144,146.0,29,40,43,101,5,11,15,0.1349,0.2986,0.0512
Grant Riven Yun · High Fly Over the Valley · 2026 Q2,Grant Riven Yun,2026-02-20,20,15,15,18,18.0,12,15,15,3,3,0,1,0.6,0.8333,0.0
DRIFT · Proto Nature I · 2026 Q1,DRIFT,2026-02-20,27,20,20,23,23.0,6,6,6,17,1,0,1,0.2222,0.2609,0.0
Luc Tuymans · Bell Boy · 2026 Q1,Luc Tuymans,2026-02-19,130,113,67,91,103.0,17,23,21,70,0,0,0,0.1308,0.2308,0.0
Jeff Koons · Multiple · 2026 Q1,Jeff Koons,2026-02-18,452,341,340,469,510.0,90,111,146,323,0,0,0,0.1991,0.3113,0.0
Jean-Michel Othoniel · Multiple · 2026 Q1,Jean-Michel Othoniel,2026-02-02,145,101,93,116,121.0,20,24,35,81,1,0,2,0.1379,0.3017,0.0
Maurizio Cattelan · Window · 2026 Q1,Maurizio Cattelan,2026-01-26,431,313,113,283,304.0,104,133,177,106,1,40,98,0.2413,0.6254,0.0928
Pejac · Multiple · 2026 Q1,Pejac,2026-01-23,148,140,105,115,116.0,55,85,50,65,1,79,67,0.3716,0.4348,0.5338
Lee Ufan · Dialogue · 2026 Q1,Lee Ufan,2026-01-08,283,216,31,126,157.0,47,64,93,33,1,32,58,0.1661,0.7381,0.1131
Ferrari Sheppard · Put Some Red On It · 2026 Q1,Ferrari Sheppard,2026-01-08,100,77,73,100,101.0,14,27,33,67,1,17,20,0.14,0.33,0.17
Johnson Tsang · Work in Progress · 2026 Q1,Johnson Tsang,2025-12-18,261,216,103,150,150.0,71,79,76,74,6,50,50,0.272,0.5067,0.1916
Joakim Ojanen · The dance we dance when we are together · 2026 Q1,Joakim Ojanen,2025-12-16,50,43,43,50,50.0,13,15,16,34,2,2,4,0.26,0.32,0.04
William Blake · Multiple · 2025 Q4,William Blake,2025-11-17,9,4,4,8,9.0,1,2,1,7,0,0,0,0.1111,0.125,0.0
Judy Chicago · Reincarnation Triptych · 2025 Q4,Judy Chicago,2025-10-27,60,54,36,45,49.0,12,12,15,30,0,0,0,0.2,0.3333,0.0
Ai Weiwei · Multiple · 2025 Q4,Ai Weiwei,2025-10-22,220,186,101,146,150.0,36,58,57,89,4,15,19,0.1636,0.3904,0.0682
Alex Katz · Ada Ada · 2025 Q4,Alex Katz,2025-10-01,245,195,160,195,200.0,35,44,72,123,0,0,0,0.1429,0.3692,0.0
Maurizio Cattelan · We are the Revolution · 2025 Q4,Maurizio Cattelan,2025-09-23,1816,1545,877,976,997.0,140,142,141,835,0,0,0,0.0771,0.1445,0.0
Tomokazu Matsuyama · Morning Sun Dance · 2025 Q3,Tomokazu Matsuyama,2025-09-09,31,19,19,41,60.0,17,15,23,18,6,8,14,0.5484,0.561,0.2581
Paul McCarthy · Santa with Butt Plug Bronze 11.4 inches · 2022 Q4,Paul McCarthy,2025-09-05,0,0,0,2,2.0,0,0,0,2,0,0,0,,0.0,
Woo Kuk Won · Multiple · 2025 Q3,Woo Kuk Won,2025-09-02,162,143,47,115,162.0,52,75,76,39,1,45,35,0.321,0.6609,0.2778
Harland Miller · Multiple · 2025 Q3,Harland Miller,2025-08-29,165,141,43,92,101.0,54,62,54,38,2,20,11,0.3273,0.587,0.1212
En Iwamura · Multiple · 2025 Q3,En Iwamura,2025-08-01,51,26,26,33,33.0,15,12,14,19,0,0,0,0.2941,0.4242,0.0
Katherine Bradford · Swing Over Pool · 2025 Q3,Katherine Bradford,2025-07-16,114,95,94,156,173.0,37,34,51,105,0,0,0,0.3246,0.3269,0.0
Johnson Tsang · Remembrance · 2025 Q3,Johnson Tsang,2025-07-14,146,105,104,149,152.0,38,40,74,75,5,37,59,0.2603,0.4966,0.2534
Antony Micallef · Self Portrait with Yellow Lake and Magenta · 2025 Q3,Antony Micallef,2025-07-02,32,21,21,61,61.0,12,16,44,17,2,5,16,0.375,0.7213,0.1562
James Jarvis · Hang in there! · 2025 Q3,James Jarvis,2025-07-02,169,117,95,146,151.0,43,43,66,80,0,0,0,0.2544,0.4521,0.0
Dominique Fung · Handheld Fan · 2025 Q3,Dominique Fung,2025-06-24,49,37,37,37,37.0,7,11,10,27,0,0,0,0.1429,0.2703,0.0
Yoon Hyup · Summer in San Sebastian · 2025 Q3,Yoon Hyup,2025-06-09,251,201,99,201,205.0,48,73,111,90,4,23,51,0.1912,0.5522,0.0916
Lee Ufan · Multiple · 2025 Q2,Lee Ufan,2025-05-22,638,482,22,287,328.0,60,68,120,167,0,0,0,0.094,0.4181,0.0
Michael Kozlowski · Mecha · 2024 Q2,Michael Kozlowski,2025-04-17,0,0,0,44,45.0,0,0,44,0,0,0,0,,1.0,
Emily Xie · Guardian Lion · 2024 Q1,Emily Xie,2025-04-17,59,51,18,31,31.0,29,59,31,0,0,0,0,0.4915,1.0,0.0
George Condo · Multiple · 2024 Q1,George Condo,2025-04-17,695,620,37,269,381.0,306,695,267,2,2,110,51,0.4403,0.9926,0.1583
Dawnia Darkstone · Digital Chemicals · 2024 Q1,Dawnia Darkstone,2025-04-17,7,5,5,12,12.0,6,7,12,0,0,0,0,0.8571,1.0,0.0
Robert Nava · Death Carrier Bunny · 2024 Q1,Robert Nava,2025-04-17,0,0,0,36,37.0,0,0,36,0,0,0,0,,1.0,
Paul Insect · Multiple · 2024 Q3,Paul Insect,2025-04-17,91,69,63,90,93.0,67,91,90,0,4,9,18,0.7363,1.0,0.0989
Peter Halley · Rising High II · 2024 Q2,Peter Halley,2025-04-17,24,21,21,34,41.0,21,24,33,1,1,1,2,0.875,0.9706,0.0417
DeeKay · Love Ripples · 2024 Q1,DeeKay,2025-04-17,239,197,13,32,33.0,57,239,31,1,0,0,0,0.2385,0.9688,0.0
Eddie Martinez · Scaffold · 2024 Q2,Eddie Martinez,2025-04-17,197,156,145,200,200.0,165,197,199,1,0,0,0,0.8376,0.995,0.0
Pejac · Multiple · 2024 Q3,Pejac,2025-04-17,2093,2000,555,673,788.0,815,2093,672,1,0,0,0,0.3894,0.9985,0.0
Jake Fried · Open Eyes (Signal) · 2024 Q1,Jake Fried,2025-04-17,40,26,24,25,25.0,24,40,25,0,1,0,0,0.6,1.0,0.0
LY · LUV Somewhere New · 2023 Q4,LY,2025-04-17,166,158,15,31,32.0,78,166,31,0,9,42,11,0.4699,1.0,0.253
Zhang Ruyi · Forced Separation · 2024 Q3,Zhang Ruyi,2025-04-17,3,2,2,7,7.0,3,3,5,2,0,0,0,1.0,0.7143,0.0
Yutaka Hashimoto · Study_for_Null_Portrait of someone#166 · 2024 Q1,Yutaka Hashimoto,2025-04-17,0,0,0,51,51.0,0,0,51,0,0,0,0,,1.0,
Yoon Hyup · City Fountain · 2024 Q3,Yoon Hyup,2025-04-17,0,0,0,201,202.0,0,0,201,0,3,0,67,,1.0,
Kaï · Content · 2024 Q2,Kaï,2025-04-17,61,51,51,84,170.0,57,61,84,0,1,8,10,0.9344,1.0,0.1311
Asuka Anastacia Ogawa · Sleepy · 2024 Q2,Asuka Anastacia Ogawa,2025-04-17,64,52,21,51,52.0,38,64,51,0,0,0,0,0.5938,1.0,0.0
William Mapan · Centrifuge · 2024 Q1,William Mapan,2025-04-17,98,87,18,35,35.0,43,98,35,0,0,0,0,0.4388,1.0,0.0
Baldur Helgason · Menippean Satire · 2024 Q1,Baldur Helgason,2025-04-17,28,24,24,47,49.0,24,28,47,0,1,5,12,0.8571,1.0,0.1786
Benrei Huang · Minority Rules · 2024 Q1,Benrei Huang,2025-04-17,0,0,0,32,41.0,0,0,32,0,0,0,0,,1.0,
"Wang Zhibo · 15℃, Nationalistic Optimism by the Sea · 2024 Q3",Wang Zhibo,2025-04-17,2,2,2,3,3.0,2,2,2,1,0,0,0,1.0,0.6667,0.0
Cai Guo-Qiang · Snow Lotus No. 1 · 2024 Q1,Cai Guo-Qiang,2025-04-17,0,0,0,51,53.0,0,0,51,0,0,0,0,,1.0,
Giorgiko · Unacquainted Friends · 2023 Q4,Giorgiko,2025-04-17,0,0,0,1,1.0,0,0,1,0,0,0,0,,1.0,
Laura El · Park Ave · 2024 Q1,Laura El,2025-04-17,58,47,18,30,30.0,34,58,30,0,0,0,0,0.5862,1.0,0.0
Takahiro Komuro · Sphinx - Kira · 2023 Q4,Takahiro Komuro,2025-04-17,0,0,0,3,4.0,0,0,3,0,1,0,0,,1.0,
Magdalena Suarez Frimkess · Homage for Jasper Johns · 2024 Q3,Magdalena Suarez Frimkess,2025-04-17,28,24,24,26,27.0,25,28,25,1,0,0,0,0.8929,0.9615,0.0
Slawn · Ugly Bastard · 2024 Q3,Slawn,2025-04-17,115,93,93,96,96.0,87,115,96,0,0,0,0,0.7565,1.0,0.0
Linda Dounia · Faux Letters · 2024 Q2,Linda Dounia,2025-04-17,0,0,0,4,4.0,0,0,4,0,0,0,0,,1.0,
Javier Calleja · Multiple · 2024 Q2,Javier Calleja,2025-04-17,153,136,136,260,267.0,128,153,260,0,0,0,0,0.8366,1.0,0.0
LY · LUV Blossoming · 2025 Q2,LY,2025-04-11,46,35,14,40,40.0,17,21,29,11,8,4,9,0.3696,0.725,0.087
Ferrari Sheppard · Iris · 2025 Q2,Ferrari Sheppard,2025-04-04,128,106,22,76,76.0,14,20,50,26,0,0,0,0.1094,0.6579,0.0
Sayre Gomez · America's Tire · 2025 Q2,Sayre Gomez,2025-04-03,9,7,7,14,14.0,4,3,7,7,0,0,0,0.4444,0.5,0.0
"Oscar yi Hou · Coolieisms, aka: Born In The USA (Go And Kill The Yellow Man) · 2025 Q2",Oscar yi Hou,2025-03-25,7,2,2,5,5.0,1,0,3,2,0,0,0,0.1429,0.6,0.0
Other World · Dogs of War · 2025 Q2,Other World,2025-03-21,38,33,9,26,26.0,8,22,9,17,0,0,0,0.2105,0.3462,0.0
Harland Miller · York So Good They Named It Once · 2025 Q2,Harland Miller,2025-03-17,109,53,18,52,53.0,30,44,24,28,1,5,4,0.2752,0.4615,0.0459
Grayson Perry · Magical Thinking (Large) · 2025 Q2,Grayson Perry,2025-03-13,0,0,0,6,6.0,0,0,4,2,0,0,0,,0.6667,
Hajime Sorayama · Untitled · 2025 Q2,Hajime Sorayama,2025-03-10,528,431,430,462,469.0,64,59,112,350,0,0,0,0.1212,0.2424,0.0
Miwa Komatsu · Innocent Days and Wishes · 2025 Q2,Miwa Komatsu,2025-03-05,63,55,5,26,26.0,21,32,20,6,2,31,9,0.3333,0.7692,0.4921
Jammie Holmes · Fred · 2025 Q1,Jammie Holmes,2025-02-04,73,46,42,75,76.0,12,36,23,52,0,0,0,0.1644,0.3067,0.0
Taku Obata · B BOY JUSHI · 2025 Q1,Taku Obata,2025-01-20,223,184,98,150,150.0,16,37,55,95,1,5,5,0.0717,0.3667,0.0224
Will Cotton · The Cowgirl · 2025 Q1,Will Cotton,2025-01-20,96,90,90,101,101.0,15,10,25,76,0,0,0,0.1562,0.2475,0.0
George Condo · Fashion Model AP · 2025 Q1,George Condo,2025-01-15,0,0,0,8,8.0,0,0,1,7,0,0,0,,0.125,
George Condo · Fashion Model · 2025 Q1,George Condo,2025-01-15,257,70,41,141,152.0,117,148,91,50,0,0,0,0.4553,0.6454,0.0
Adam Pendleton · Multiple · 2025 Q1,Adam Pendleton,2024-12-12,16,8,8,10,10.0,2,3,2,8,0,0,0,0.125,0.2,0.0
Jordan Casteel · Multiple · 2025 Q1,Jordan Casteel,2024-12-10,17,10,10,17,26.0,2,2,4,13,0,0,0,0.1176,0.2353,0.0
Artspace Amphora Project · Multiple · 2025 Q1,Artspace Amphora Project,2024-12-07,0,0,0,3,3.0,0,0,2,1,0,0,0,,0.6667,
Josh Smith · Multiple · 2025 Q1,Josh Smith,2024-12-06,8,5,5,7,7.0,1,1,1,6,0,0,0,0.125,0.1429,0.0
Derek Fordjour · Multiple · 2025 Q1,Derek Fordjour,2024-12-06,31,18,18,26,26.0,2,1,2,24,0,0,0,0.0645,0.0769,0.0
Jenny Holzer · Multiple · 2025 Q1,Jenny Holzer,2024-12-05,20,11,11,19,25.0,2,2,5,14,0,0,0,0.1,0.2632,0.0
Hilary Pecis · Multiple · 2025 Q1,Hilary Pecis,2024-12-05,22,17,6,16,38.0,4,3,6,10,0,0,0,0.1818,0.375,0.0
Harland Miller · Multiple · 2025 Q1,Harland Miller,2024-12-05,28,17,17,20,20.0,6,6,6,14,0,0,0,0.2143,0.3,0.0
Ai Weiwei · Multiple · 2024 Q4,Ai Weiwei,2024-11-20,215,163,120,189,203.0,29,38,70,119,3,18,26,0.1349,0.3704,0.0837
Claire Tabouret · Paysage d’Intérieur (printemps) · 2024 Q4,Claire Tabouret,2024-11-19,0,0,0,45,50.0,0,0,23,22,0,0,0,,0.5111,
José Parlá · Multiple · 2024 Q4,José Parlá,2024-11-11,79,64,29,102,102.0,24,30,77,25,0,0,0,0.3038,0.7549,0.0
Woo Kuk Won · Multiple · 2024 Q4,Woo Kuk Won,2024-10-21,268,234,21,66,89.0,69,47,25,41,0,0,0,0.2575,0.3788,0.0
Miwa Komatsu · White and Black Guiding Yamainu-sama · 2024 Q4,Miwa Komatsu,2024-10-21,62,58,2,15,15.0,10,14,10,5,1,9,5,0.1613,0.6667,0.1452
"Jack Kaido · ICYMI, 2024 · 2024 Q4",Jack Kaido,2024-10-16,14,9,9,20,20.0,7,10,10,10,0,0,0,0.5,0.5,0.0
Ai Weiwei · To Be Looked At... · 2024 Q4,Ai Weiwei,2024-10-15,179,135,46,198,202.0,40,34,154,44,2,6,16,0.2235,0.7778,0.0335
Parra · Multiple · 2024 Q4,Parra,2024-10-01,341,283,111,231,242.0,20,20,31,200,0,0,0,0.0587,0.1342,0.0
Vhils · Multiple · 2024 Q3,Vhils,2024-09-19,0,0,0,39,39.0,0,0,8,31,0,0,0,,0.2051,
Taku Obata · B BOY SEIDOU · 2024 Q4,Taku Obata,2024-09-12,29,18,16,24,24.0,0,1,2,22,0,0,0,0.0,0.0833,0.0
Johnson Tsang · The Moment · 2024 Q4,Johnson Tsang,2024-09-11,255,186,185,248,254.0,42,35,88,160,4,30,52,0.1647,0.3548,0.1176
TIDE · Multiple · 2024 Q4,TIDE,2024-08-29,42,40,9,31,31.0,8,6,23,8,1,0,5,0.1905,0.7419,0.0
Iskra Velitchkova · EYENESSLESS · 2024 Q3,Iskra Velitchkova,2024-08-28,6,5,5,8,8.0,2,4,2,6,0,0,0,0.3333,0.25,0.0
Danielle Mckinney · Shelter · 2024 Q3,Danielle Mckinney,2024-08-21,256,183,30,99,104.0,33,27,31,68,1,6,7,0.1289,0.3131,0.0234
Antony Micallef · Portrait of Francis Bacon · 2024 Q3,Antony Micallef,2024-08-06,75,58,21,52,52.0,12,15,30,22,1,3,12,0.16,0.5769,0.04
Cristina de Miguel · Tentacular Thinking · 2024 Q3,Cristina de Miguel,2024-08-05,8,7,5,7,7.0,4,3,2,5,1,0,0,0.5,0.2857,0.0
Kaï · Content (Hand-finished) · 2024 Q2,Kaï,2024-05-02,0,0,0,35,74.0,0,0,12,23,0,0,0,,0.3429,
Kpe Innocent · Multiple · 2023 Q2,Kpe Innocent,2024-04-02,0,0,0,1,1.0,0,0,1,0,0,0,0,,1.0,
Tomokazu Matsuyama · Perfect All Alone Ironic · 2023 Q4,Tomokazu Matsuyama,2023-11-13,23,22,22,57,81.0,9,9,27,30,5,3,16,0.3913,0.4737,0.1304
Hideaki Kawashima · Multiple · 2023 Q4,Hideaki Kawashima,2023-11-06,0,0,0,10,19.0,0,0,9,1,1,0,3,,0.9,
Yoon Hyup · In The City · 2023 Q4,Yoon Hyup,2023-11-06,272,223,122,202,204.0,52,12,50,152,2,37,29,0.1912,0.2475,0.136
Bony Ramirez · TORO! · 2023 Q4,Bony Ramirez,2023-11-03,0,0,0,25,25.0,0,0,6,19,0,0,0,,0.24,
Alpha Centauri Kid · Warothy · 2023 Q4,Alpha Centauri Kid,2023-11-03,618,604,6,25,31.0,44,114,14,11,0,0,0,0.0712,0.56,0.0
Dennis Osadebe · In Search For Light · 2023 Q4,Dennis Osadebe,2023-11-03,58,51,23,49,50.0,19,2,23,26,1,6,7,0.3276,0.4694,0.1034
Devan Shimoyama · Le Mat · 2023 Q4,Devan Shimoyama,2023-11-02,0,0,0,16,16.0,0,0,2,14,0,0,0,,0.125,
Taylor Lee · Multiple · 2023 Q4,Taylor Lee,2023-10-27,0,0,0,7,10.0,0,0,2,5,0,0,0,,0.2857,
Luis Ponce · And the Absurd Was Born · 2023 Q4,Luis Ponce,2023-10-24,76,59,20,24,24.0,7,15,1,23,0,0,0,0.0921,0.0417,0.0
Jonny Niesche · Diamond Vibration (Caught by the fuzz) · 2023 Q4,Jonny Niesche,2023-10-23,72,56,34,51,51.0,18,3,16,35,2,8,7,0.25,0.3137,0.1111
Cui Jie · Shanghai Federation of Industry & Commerce Building · 2023 Q4,Cui Jie,2023-10-19,0,0,0,13,13.0,0,0,7,6,0,0,0,,0.5385,
SETH · Little Sower · 2023 Q4,SETH,2023-10-17,0,0,0,35,37.0,0,0,3,32,0,0,0,,0.0857,
Moe Nakamura · Inside Us · 2023 Q4,Moe Nakamura,2023-10-12,0,0,0,29,32.0,0,0,6,23,0,0,0,,0.2069,
Kotao Tomozawa · Multiple · 2023 Q4,Kotao Tomozawa,2023-10-11,65,56,12,36,42.0,6,4,11,25,1,3,3,0.0923,0.3056,0.0462
Camilla Engström · Island Creators · 2023 Q4,Camilla Engström,2023-10-10,61,41,41,50,50.0,13,5,12,38,1,2,2,0.2131,0.24,0.0328
Roby Dwi Antono · CLEMENTINE · 2023 Q4,Roby Dwi Antono,2023-10-09,39,29,29,42,42.0,18,3,26,16,5,8,15,0.4615,0.619,0.2051
Michaela Yearwood-Dan · Multiple · 2023 Q4,Michaela Yearwood-Dan,2023-10-09,0,0,0,40,40.0,0,0,6,34,0,0,0,,0.15,
Richard Woods · Multiple · 2023 Q4,Richard Woods,2023-10-03,0,0,0,47,64.0,0,0,14,33,0,0,0,,0.2979,
Arghavan Khosravi · The Earring · 2023 Q4,Arghavan Khosravi,2023-09-27,27,13,13,22,22.0,9,0,11,11,1,1,0,0.3333,0.5,0.037
Miwa Komatsu · Multiple · 2023 Q4,Miwa Komatsu,2023-09-25,201,192,37,101,105.0,27,1,24,77,0,0,0,0.1343,0.2376,0.0
Johnson Tsang · Open the Right Mind · 2023 Q4,Johnson Tsang,2023-09-25,163,131,94,103,208.0,55,1,46,57,3,43,38,0.3374,0.4466,0.2638
So Youn Lee · Ready? · 2023 Q4,So Youn Lee,2023-09-19,0,0,0,51,51.0,0,0,10,41,0,0,0,,0.1961,
Bridget Mullen · Multiple · 2023 Q3,Bridget Mullen,2023-09-14,0,0,0,3,3.0,0,0,3,0,0,0,0,,1.0,
Mark Whalen · Early Light · 2023 Q3,Mark Whalen,2023-09-14,0,0,0,7,7.0,0,0,4,3,1,0,1,,0.5714,
"JR · GIANTS, High jump in Rio · 2023 Q3",JR,2023-09-06,0,0,0,21,32.0,0,0,16,5,0,0,0,,0.7619,
Ripcache · Security · 2023 Q3,Ripcache,2023-09-01,353,341,7,32,32.0,32,0,12,20,0,0,0,0.0907,0.375,0.0
Marcela Flórido · BLOOM · 2023 Q3,Marcela Flórido,2023-09-01,0,0,0,10,10.0,0,0,1,9,0,0,0,,0.1,
Hiroya Kurata · Lemonhead · 2023 Q4,Hiroya Kurata,2023-08-30,0,0,0,8,17.0,0,0,3,5,0,0,0,,0.375,
Marcus Jansen · Afro Painter · 2023 Q4,Marcus Jansen,2023-08-30,0,0,0,40,43.0,0,0,11,29,0,0,0,,0.275,
NKSIN · MY DAVID X · 2023 Q3,NKSIN,2023-08-23,0,0,0,25,27.0,0,0,19,6,0,0,0,,0.76,
Amanda Baldwin · Bell Bay · 2023 Q3,Amanda Baldwin,2023-08-12,0,0,0,15,16.0,0,0,2,13,0,0,0,,0.1333,
Katherina Olschbaur · Humility and the Other One in Me · 2023 Q3,Katherina Olschbaur,2023-08-10,0,0,0,8,8.0,0,0,2,6,0,0,0,,0.25,
Paul Insect · Multiple · 2023 Q3,Paul Insect,2023-08-10,0,0,0,72,73.0,0,0,33,39,3,0,10,,0.4583,
Tahnee Lonsdale · Dove · 2023 Q3,Tahnee Lonsdale,2023-08-04,0,0,0,30,30.0,0,0,7,23,0,0,0,,0.2333,
Kotao Tomozawa · slime XCIX · 2023 Q3,Kotao Tomozawa,2023-07-28,0,0,0,40,40.0,0,0,19,21,0,0,0,,0.475,
Yu Nagaba · Toy Car · 2023 Q3,Yu Nagaba,2023-07-21,0,0,0,3,3.0,0,0,1,2,0,0,0,,0.3333,
Szabolcs Bozó · Multiple · 2023 Q3,Szabolcs Bozó,2023-07-21,0,0,0,89,90.0,0,0,44,45,0,0,0,,0.4944,
Haroshi & James Jean · Multiple · 2023 Q3,Haroshi & James Jean,2023-06-30,0,0,0,196,215.0,0,0,57,139,0,0,0,,0.2908,
Jake Fried · Open Eyes (Flower) · 2023 Q3,Jake Fried,2023-06-28,0,0,0,20,20.0,0,0,7,13,0,0,0,,0.35,
Grant Riven Yun · Multiple · 2023 Q3,Grant Riven Yun,2023-06-21,0,0,0,1,1.0,0,0,0,1,2,0,0,,0.0,
Johnson Tsang · Multiple · 2023 Q3,Johnson Tsang,2023-06-16,0,0,0,99,101.0,0,0,31,68,2,0,22,,0.3131,
Shaina McCoy · Tiff · 2023 Q2,Shaina McCoy,2023-06-13,0,0,0,3,3.0,0,0,0,3,1,0,0,,0.0,
Grant Riven Yun · Fall · 2023 Q2,Grant Riven Yun,2023-06-07,0,0,0,37,37.0,0,0,5,32,1,0,3,,0.1351,
Ryan Travis Christian · CHATTE PARFAITE · 2023 Q2,Ryan Travis Christian,2023-06-02,0,0,0,4,4.0,0,0,3,1,0,0,0,,0.75,
LY · Multiple · 2023 Q2,LY,2023-05-25,0,0,0,171,224.0,0,0,68,103,7,0,22,,0.3977,
Tomás Sánchez · Sonido de aguas en la noche · 2022 Q1,Tomás Sánchez,2023-05-24,0,0,0,3,3.0,0,0,0,3,0,0,0,,0.0,
Christian Rex van Minnen · Multiple · 2023 Q2,Christian Rex van Minnen,2023-05-22,0,0,0,25,25.0,0,0,8,17,10,0,0,,0.32,
Marina Perez Simão · Untitled · 2023 Q2,Marina Perez Simão,2023-05-19,0,0,0,44,56.0,0,0,17,27,0,0,0,,0.3864,
Danielle Orchard · A Warm Garden · 2023 Q2,Danielle Orchard,2023-05-17,0,0,0,29,40.0,0,0,11,18,0,0,0,,0.3793,
Aaron Johnson · Suburban Dreams · 2023 Q2,Aaron Johnson,2023-05-11,0,0,0,5,5.0,0,0,2,3,0,0,0,,0.4,
Deborah Segun · Multiple · 2023 Q2,Deborah Segun,2023-05-03,0,0,0,26,29.0,0,0,3,23,0,0,0,,0.1154,
Pablo Tomek · Multiple · 2023 Q2,Pablo Tomek,2023-05-01,0,0,0,1,1.0,0,0,0,1,0,0,0,,0.0,
Shigeki Matsuyama · Multiple · 2023 Q2,Shigeki Matsuyama,2023-04-18,0,0,0,37,39.0,0,0,10,27,0,0,0,,0.2703,
Maxwell Mustardo · Multiple · 2023 Q2,Maxwell Mustardo,2023-04-14,0,0,0,9,11.0,0,0,7,2,0,0,0,,0.7778,
Katie Hector · Multiple · 2023 Q2,Katie Hector,2023-04-13,0,0,0,2,2.0,0,0,2,0,0,0,0,,1.0,
Minhee Kim · Multiple · 2023 Q2,Minhee Kim,2023-04-13,0,0,0,2,2.0,0,0,1,1,0,0,0,,0.5,
Keita Morimoto · Cityscape · 2023 Q2,Keita Morimoto,2023-04-12,0,0,0,34,34.0,0,0,21,13,0,0,0,,0.6176,
Jenna Gribbon · Glaring Shade · 2023 Q2,Jenna Gribbon,2023-04-06,0,0,0,12,14.0,0,0,6,6,0,0,0,,0.5,
Chen Wei Ting · Poetic fragments · 2023 Q2,Chen Wei Ting,2023-04-05,0,0,0,14,14.0,0,0,12,2,0,0,0,,0.8571,
Hikari Shimoda · Children of this Planet #38 · 2023 Q2,Hikari Shimoda,2023-04-03,0,0,0,9,9.0,0,0,2,7,0,0,0,,0.2222,
Ai Weiwei · Glass Vase · 2023 Q3,Ai Weiwei,2023-04-03,0,0,0,266,302.0,0,0,55,211,0,0,0,,0.2068,
Ai Weiwei · Multiple · 2023 Q2,Ai Weiwei,2023-04-03,0,0,0,227,315.0,0,0,42,185,0,0,0,,0.185,
Takeru Amano · Venus · 2023 Q2,Takeru Amano,2023-03-22,0,0,0,95,100.0,0,0,20,75,0,0,0,,0.2105,
"Grant Levy-Lucero · de la Rosa, Dulcería La Moderna · 2023 Q2",Grant Levy-Lucero,2023-03-17,0,0,0,11,11.0,0,0,3,8,0,0,0,,0.2727,
Deborah Brown · March Snowstorm · 2023 Q2,Deborah Brown,2023-03-10,0,0,0,24,24.0,0,0,3,21,0,0,0,,0.125,
Rooo Lou · Earnest · 2023 Q2,Rooo Lou,2023-03-07,0,0,0,29,30.0,0,0,9,20,0,0,0,,0.3103,
"Chris Huen Sin Kan · Joel, Tess and Haze · 2023 Q1",Chris Huen Sin Kan,2023-02-10,0,0,0,12,13.0,0,0,3,9,0,0,0,,0.25,
Hyangmok Baik · I Know What You Did Last Summer · 2023 Q1,Hyangmok Baik,2023-02-10,0,0,0,50,50.0,0,0,11,39,0,0,0,,0.22,
Maiko Kobayashi · Moving Colours · 2023 Q1,Maiko Kobayashi,2023-02-02,0,0,0,46,60.0,0,0,20,26,0,0,0,,0.4348,
Prune Nourry · Mater Earth · 2023 Q1,Prune Nourry,2023-01-31,0,0,0,14,14.0,0,0,3,11,0,0,0,,0.2143,
Aya Takano · Anthem (Detail) · 2023 Q1,Aya Takano,2023-01-31,0,0,0,40,40.0,0,0,19,21,0,0,0,,0.475,
Joakim Ojanen · SPENDING THE DAY ON A STONE (Pink) · 2023 Q1,Joakim Ojanen,2023-01-30,0,0,0,3,3.0,0,0,2,1,1,0,1,,0.6667,
Kwesi Botchway · African Style · 2023 Q1,Kwesi Botchway,2023-01-16,0,0,0,4,4.0,0,0,1,3,1,0,1,,0.25,
"Dada Khanyisa · I can't change, even if I tried · 2023 Q1",Dada Khanyisa,2023-01-14,0,0,0,23,23.0,0,0,6,17,0,0,0,,0.2609,
Daniel Crews-Chubb · Immortal II (turquoise) · 2023 Q1,Daniel Crews-Chubb,2023-01-14,0,0,0,34,35.0,0,0,10,24,0,0,0,,0.2941,
Danielle Mckinney · Dream Catcher · 2023 Q1,Danielle Mckinney,2023-01-10,0,0,0,30,30.0,0,0,12,18,0,0,0,,0.4,
Caleb Hahne Quintana · Ourselves Scattered Parts Of Earth · 2023 Q1,Caleb Hahne Quintana,2023-01-09,0,0,0,11,11.0,0,0,2,9,0,0,0,,0.1818,
Okokume · Sumergidos · 2023 Q1,Okokume,2023-01-06,0,0,0,49,50.0,0,0,26,23,0,0,0,,0.5306,
Yue Minjun · Multiple · 2023 Q1,Yue Minjun,2023-01-04,0,0,0,37,37.0,0,0,12,25,0,0,0,,0.3243,
Liang Fu · Anonyme · 2023 Q1,Liang Fu,2022-12-21,0,0,0,20,20.0,0,0,7,13,0,0,0,,0.35,
Roby Dwi Antono · HAYU · 2023 Q1,Roby Dwi Antono,2022-12-16,0,0,0,50,51.0,0,0,37,13,4,0,27,,0.74,
Lawrence Weiner · HERE & NOW · 2022 Q4,Lawrence Weiner,2022-12-02,0,0,0,21,36.0,0,0,2,19,0,0,0,,0.0952,
FUTURA · Multiple · 2022 Q4,FUTURA,2022-11-28,0,0,0,18,21.0,0,0,5,13,0,0,0,,0.2778,
George Rouy · Tearing of the Savage Breast · 2022 Q4,George Rouy,2022-11-23,0,0,0,48,50.0,0,0,21,27,1,0,7,,0.4375,
James Jean · Bath Saxum · 2022 Q4,James Jean,2022-11-21,0,0,0,20,22.0,0,0,11,9,3,0,10,,0.55,
Satoru Koizumi · White Rhino · 2022 Q4,Satoru Koizumi,2022-11-14,0,0,0,11,20.0,0,0,5,6,1,0,0,,0.4545,
Jang Koal · Umma · 2022 Q4,Jang Koal,2022-11-11,0,0,0,14,14.0,0,0,10,4,0,0,0,,0.7143,
Friedrich Kunath · This Is The Worst Time Of My Life · 2022 Q4,Friedrich Kunath,2022-11-11,0,0,0,26,35.0,0,0,9,17,0,0,0,,0.3462,
Grant Riven Yun · En Route · 2022 Q4,Grant Riven Yun,2022-11-10,0,0,0,20,20.0,0,0,6,14,0,0,0,,0.3,
Paul Insect · Christmas Tree Baubles · 2022 Q4,Paul Insect,2022-11-09,0,0,0,43,48.0,0,0,14,29,2,0,2,,0.3256,
Jonny Niesche · moon moth lust in warm copper AP · 2022 Q4,Jonny Niesche,2022-11-09,0,0,0,2,3.0,0,0,1,1,1,0,1,,0.5,
Adriana Oliver · My way back to you · 2022 Q4,Adriana Oliver,2022-11-08,0,0,0,39,40.0,0,0,20,19,1,0,8,,0.5128,
Dennis Osadebe · The People's Promise · 2022 Q4,Dennis Osadebe,2022-11-08,0,0,0,50,51.0,0,0,21,29,0,0,0,,0.42,
Molly Greene · Bur · 2022 Q4,Molly Greene,2022-11-07,0,0,0,24,26.0,0,0,9,15,0,0,0,,0.375,
Felix Treadwell · Kindred Spirit · 2022 Q4,Felix Treadwell,2022-11-05,0,0,0,23,23.0,0,0,16,7,1,0,2,,0.6957,
Haroshi · Multiple · 2022 Q4,Haroshi,2022-11-04,0,0,0,20,26.0,0,0,11,9,0,0,0,,0.55,
Fvckrender · FEEL// · 2022 Q4,Fvckrender,2022-11-04,0,0,0,10,10.0,0,0,3,7,0,0,0,,0.3,
Fvckrender · TOUCHED// · 2022 Q4,Fvckrender,2022-11-04,0,0,0,18,19.0,0,0,5,13,0,0,0,,0.2778,
Yoon Hyup · Night in Paris - Golden Light AP · 2022 Q4,Yoon Hyup,2022-10-26,0,0,0,4,4.0,0,0,0,4,1,0,0,,0.0,
James Jean · Maze (Print) AP · 2022 Q4,James Jean,2022-10-25,0,0,0,7,7.0,0,0,6,1,2,0,7,,0.8571,
James Jean · Maze (Print) · 2022 Q4,James Jean,2022-10-24,0,0,0,104,109.0,0,0,54,50,1,0,12,,0.5192,
Kara Joslyn · GOOD THING YOU ARE NOT ALONE · 2022 Q4,Kara Joslyn,2022-10-20,0,0,0,6,6.0,0,0,4,2,0,0,0,,0.6667,
Baldur Helgason · Picaresque · 2022 Q4,Baldur Helgason,2022-10-20,0,0,0,51,55.0,0,0,32,19,0,0,0,,0.6275,
Larry Bell · Little 3DVD · 2022 Q4,Larry Bell,2022-10-15,0,0,0,5,5.0,0,0,4,1,0,0,0,,0.8,
Christian Rex van Minnen · Very Thin Avatar · 2021 Q4,Christian Rex van Minnen,2022-10-14,0,0,0,1,1.0,0,0,1,0,9,0,0,,1.0,
Yoon Hyup · Night in Paris - Golden Light · 2022 Q4,Yoon Hyup,2022-10-14,0,0,0,195,202.0,0,0,72,123,0,0,0,,0.3692,
Guimi You · Point Reyes · 2022 Q4,Guimi You,2022-10-14,0,0,0,10,11.0,0,0,4,6,0,0,0,,0.4,
Jonny Niesche · moon moth lust in warm copper · 2022 Q4,Jonny Niesche,2022-10-11,0,0,0,51,52.0,0,0,11,40,0,0,0,,0.2157,
Bäst · Sunday Afternoon · 2022 Q4,Bäst,2022-10-07,0,0,0,71,74.0,0,0,25,46,0,0,0,,0.3521,
Jen Stark · Dichroic Mandala · 2022 Q4,Jen Stark,2022-09-29,0,0,0,32,34.0,0,0,7,25,2,0,5,,0.2188,
Antony Micallef · The Union of Animals · 2022 Q4,Antony Micallef,2022-09-28,0,0,0,30,30.0,0,0,8,22,0,0,0,,0.2667,
Tschabalala Self · Seated Bronze · 2022 Q4,Tschabalala Self,2022-09-23,0,0,0,5,6.0,0,0,1,4,0,0,0,,0.2,
Scott Kahn · INGERSOLL'S BRANCH · 2022 Q4,Scott Kahn,2022-09-23,0,0,0,6,6.0,0,0,3,3,1,0,1,,0.5,
Yuichi Hirako · Green Master / Bloom AP · 2022 Q3,Yuichi Hirako,2022-09-22,0,0,0,2,2.0,0,0,1,1,1,0,0,,0.5,
Nicasio Fernandez · D.I.Y · 2022 Q4,Nicasio Fernandez,2022-09-20,0,0,0,25,25.0,0,0,10,15,1,0,0,,0.4,
Sarah Morris · Industry (Spiderweb) · 2023 Q2,Sarah Morris,2022-09-06,0,0,0,3,3.0,0,0,2,1,0,0,0,,0.6667,
Roby Dwi Antono · BIAS II · 2022 Q4,Roby Dwi Antono,2022-09-06,0,0,0,70,72.0,0,0,37,33,3,0,19,,0.5286,
Kudzanai-Violet Hwami · Multiple · 2022 Q3,Kudzanai-Violet Hwami,2022-08-30,0,0,0,20,23.0,0,0,4,16,0,0,0,,0.2,
Nicasio Fernandez · D.I.Y (Hand-finished) · 2022 Q4,Nicasio Fernandez,2022-08-30,0,0,0,15,15.0,0,0,10,5,0,0,0,,0.6667,
LY · This is LUV (Small) · 2022 Q3,LY,2022-08-28,0,0,0,47,47.0,0,0,22,25,5,0,7,,0.4681,
LY · With his Sidekick (Small) · 2022 Q3,LY,2022-08-28,0,0,0,50,50.0,0,0,35,15,5,0,13,,0.7,
Nikki Maloof · Oranges AP · 2022 Q2,Nikki Maloof,2022-08-17,0,0,0,2,2.0,0,0,0,2,1,0,0,,0.0,
Face Oka · Multiple · 2022 Q3,Face Oka,2022-08-17,0,0,0,33,46.0,0,0,13,20,0,0,0,,0.3939,
Che Lovelace · Emerald and Sun Dancers · 2022 Q3,Che Lovelace,2022-08-17,0,0,0,18,18.0,0,0,7,11,0,0,0,,0.3889,
LY · Confused LUV (Medium) · 2022 Q4,LY,2022-08-02,0,0,0,9,10.0,0,0,8,1,4,0,3,,0.8889,
LY · Standing with LUV (Medium) · 2022 Q4,LY,2022-08-01,0,0,0,9,10.0,0,0,8,1,3,0,1,,0.8889,
Jaime Muñoz · Self Portrait · 2022 Q3,Jaime Muñoz,2022-08-01,0,0,0,19,23.0,0,0,7,12,0,0,0,,0.3684,
Jordi Ribes · Multiple · 2022 Q3,Jordi Ribes,2022-07-30,0,0,0,33,52.0,0,0,20,13,0,0,0,,0.6061,
Camilla Engström · Yellow Moon · 2022 Q3,Camilla Engström,2022-07-29,0,0,0,51,53.0,0,0,23,28,0,0,0,,0.451,
Makiko Kudo · Nanohana Ramen · 2022 Q3,Makiko Kudo,2022-07-23,0,0,0,44,79.0,0,0,16,28,0,0,0,,0.3636,
LY · This is LUV (Large) · 2022 Q4,LY,2022-07-22,0,0,0,3,3.0,0,0,3,0,2,0,1,,1.0,
Sun-Kyo Park · Multiple · 2022 Q3,Sun-Kyo Park,2022-07-21,0,0,0,2,2.0,0,0,2,0,0,0,0,,1.0,
LY · LUV · 2022 Q4,LY,2022-07-21,0,0,0,3,3.0,0,0,3,0,1,0,1,,1.0,
Alfie Caine · Multiple · 2022 Q3,Alfie Caine,2022-07-20,0,0,0,2,2.0,0,0,0,2,0,0,0,,0.0,
Bell Nakai · Multiple · 2022 Q3,Bell Nakai,2022-07-20,0,0,0,1,1.0,0,0,1,0,0,0,0,,1.0,
Lin Yen-Liang · Multiple · 2022 Q3,Lin Yen-Liang,2022-07-20,0,0,0,4,4.0,0,0,4,0,0,0,0,,1.0,
b.wing · Multiple · 2022 Q3,b.wing,2022-07-20,0,0,0,3,3.0,0,0,1,2,0,0,0,,0.3333,
DRIFT · Sine · 2022 Q3,DRIFT,2022-07-14,0,0,0,11,12.0,0,0,2,9,0,0,0,,0.1818,
Stickymonger · Multiple · 2022 Q3,Stickymonger,2022-07-12,0,0,0,38,51.0,0,0,27,11,2,0,12,,0.7105,
Clayton Schiff · Visitor · 2022 Q3,Clayton Schiff,2022-07-12,0,0,0,30,30.0,0,0,11,19,0,0,0,,0.3667,
Michael Kagan · Saturn V · 2022 Q3,Michael Kagan,2022-07-12,0,0,0,13,13.0,0,0,8,5,1,0,6,,0.6154,
Jen Stark · Shape Shift · 2022 Q3,Jen Stark,2022-07-07,0,0,0,50,50.0,0,0,13,37,1,0,6,,0.26,
Yuichi Hirako · Green Master / Bloom · 2022 Q3,Yuichi Hirako,2022-07-06,0,0,0,46,64.0,0,0,30,16,0,0,0,,0.6522,
Joakim Ojanen · Multiple · 2022 Q3,Joakim Ojanen,2022-06-29,0,0,0,42,49.0,0,0,22,20,0,0,0,,0.5238,
Koichi Sato · Brush Sense of Values · 2022 Q3,Koichi Sato,2022-06-22,0,0,0,5,5.0,0,0,3,2,0,0,0,,0.6,
Hein Koh · Reclining Carrot · 2022 Q3,Hein Koh,2022-06-21,0,0,0,6,6.0,0,0,4,2,0,0,0,,0.6667,
Julian Schnabel · The Swedish House 04 · 2022 Q2,Julian Schnabel,2022-06-20,0,0,0,1,1.0,0,0,0,1,4,0,0,,0.0,
Roby Dwi Antono · Multiple · 2022 Q2,Roby Dwi Antono,2022-06-13,0,0,0,463,835.0,0,0,212,251,2,0,28,,0.4579,
Tomokazu Matsuyama · The Seed Shiver Shine & Bright · 2022 Q4,Tomokazu Matsuyama,2022-06-10,0,0,0,68,72.0,0,0,16,52,4,0,15,,0.2353,
Nicolas Holiber · Multiple · 2022 Q2,Nicolas Holiber,2022-06-06,0,0,0,2,2.0,0,0,1,1,0,0,0,,0.5,
Paul Insect · Sweetie Jar · 2022 Q2,Paul Insect,2022-06-03,0,0,0,8,9.0,0,0,4,4,1,0,0,,0.5,
Amir H. Fallah · Multiple · 2022 Q2,Amir H. Fallah,2022-06-02,0,0,0,55,63.0,0,0,16,39,0,0,0,,0.2909,
Tomokazu Matsuyama · Multiple · 2022 Q2,Tomokazu Matsuyama,2022-06-01,0,0,0,108,156.0,0,0,52,56,3,0,14,,0.4815,
Erik Parker · Multiple · 2022 Q3,Erik Parker,2022-06-01,0,0,0,16,20.0,0,0,10,6,0,0,0,,0.625,
James Jean · Woodcutter (Bronze) · 2022 Q2,James Jean,2022-06-01,0,0,0,47,50.0,0,0,9,38,0,0,0,,0.1915,
Anna Weyant · Loose Screw · 2022 Q2,Anna Weyant,2022-05-25,0,0,0,17,17.0,0,0,10,7,0,0,0,,0.5882,
Gina Beavers · Painting hearts and Ab-Exers on my lips · 2022 Q2,Gina Beavers,2022-05-25,0,0,0,3,3.0,0,0,2,1,0,0,0,,0.6667,
Cleon Peterson · Multiple · 2022 Q2,Cleon Peterson,2022-05-23,0,0,0,29,30.0,0,0,8,21,0,0,0,,0.2759,
Shaina McCoy · Hoops · 2022 Q2,Shaina McCoy,2022-05-19,0,0,0,25,26.0,0,0,12,13,0,0,0,,0.48,
Angel Otero · Broken Record · 2022 Q2,Angel Otero,2022-05-18,0,0,0,21,23.0,0,0,5,16,0,0,0,,0.2381,
Takahiro Komuro · Ground Dragon · 2022 Q2,Takahiro Komuro,2022-05-13,0,0,0,28,30.0,0,0,11,17,0,0,0,,0.3929,
Julian Schnabel · The Swedish House 09 · 2022 Q2,Julian Schnabel,2022-05-13,0,0,0,1,1.0,0,0,0,1,3,0,0,,0.0,
Johnson Tsang · Searching for Spring · 2022 Q2,Johnson Tsang,2022-05-12,0,0,0,248,258.0,0,0,38,210,1,0,17,,0.1532,
Jia Aili · Multiple · 2022 Q2,Jia Aili,2022-05-10,0,0,0,16,16.0,0,0,3,13,0,0,0,,0.1875,
Julian Schnabel · The Swedish House 07 · 2022 Q2,Julian Schnabel,2022-05-10,0,0,0,1,1.0,0,0,1,0,2,0,0,,1.0,
Julian Schnabel · The Swedish House 01 · 2022 Q2,Julian Schnabel,2022-05-07,0,0,0,1,1.0,0,0,0,1,1,0,0,,0.0,
Julian Schnabel · The Swedish House 03 · 2022 Q2,Julian Schnabel,2022-05-05,0,0,0,1,1.0,0,0,1,0,0,0,0,,1.0,
Rafa Macarrón · Multiple · 2022 Q2,Rafa Macarrón,2022-05-04,0,0,0,27,45.0,0,0,7,20,0,0,0,,0.2593,
Imon Boy · Multiple · 2022 Q2,Imon Boy,2022-04-28,0,0,0,19,21.0,0,0,8,11,0,0,0,,0.4211,
Ryo Laksamana · Multiple · 2022 Q2,Ryo Laksamana,2022-04-28,0,0,0,51,53.0,0,0,26,25,0,0,0,,0.5098,
Peter Halley · Galaxia II · 2022 Q2,Peter Halley,2022-04-28,0,0,0,26,45.0,0,0,4,22,0,0,0,,0.1538,
Stickymonger · Multiple · 2022 Q2,Stickymonger,2022-04-25,0,0,0,97,107.0,0,0,47,50,1,0,20,,0.4845,
Mr. StarCity · Multiple · 2022 Q2,Mr. StarCity,2022-04-25,0,0,0,36,47.0,0,0,17,19,0,0,0,,0.4722,
Nikki Maloof · Oranges · 2022 Q2,Nikki Maloof,2022-04-21,0,0,0,20,22.0,0,0,12,8,0,0,0,,0.6,
Cristina de Miguel · Two figures in the wind · 2022 Q2,Cristina de Miguel,2022-04-20,0,0,0,25,27.0,0,0,12,13,0,0,0,,0.48,
Adriana Oliver · Our Day · 2022 Q2,Adriana Oliver,2022-04-11,0,0,0,101,101.0,0,0,38,63,0,0,0,,0.3762,
Hebru Brantley · Free Advice (Large) · 2022 Q1,Hebru Brantley,2022-03-29,0,0,0,5,6.0,0,0,3,2,1,0,2,,0.6,
Nigel Howlett · Multiple · 2022 Q1,Nigel Howlett,2022-03-23,0,0,0,108,113.0,0,0,46,62,1,0,0,,0.4259,
Hebru Brantley · Free Advice · 2022 Q2,Hebru Brantley,2022-03-21,0,0,0,51,53.0,0,0,15,36,0,0,0,,0.2941,
Mark Whalen · Lucky Charm · 2022 Q1,Mark Whalen,2022-03-15,0,0,0,23,25.0,0,0,10,13,0,0,0,,0.4348,
Felix Treadwell · Silent Commuter · 2022 Q1,Felix Treadwell,2022-02-28,0,0,0,72,72.0,0,0,35,37,0,0,0,,0.4861,
Patrick Quarm · Multiple · 2022 Q1,Patrick Quarm,2022-02-24,0,0,0,8,9.0,0,0,2,6,0,0,0,,0.25,
Tomokazu Matsuyama · Clocks Daylight Jump · 2022 Q1,Tomokazu Matsuyama,2022-02-23,0,0,0,93,101.0,0,0,35,58,2,0,12,,0.3763,
Kwesi Botchway · Lady with a Tampi · 2022 Q2,Kwesi Botchway,2022-02-23,0,0,0,29,33.0,0,0,15,14,0,0,0,,0.5172,
Khari Turner · Rest and Wellness · 2022 Q1,Khari Turner,2022-02-23,0,0,0,31,31.0,0,0,13,18,0,0,0,,0.4194,
TIDE · Multiple · 2022 Q1,TIDE,2022-02-23,0,0,0,93,105.0,0,0,56,37,0,0,0,,0.6022,
Stickymonger · Multiple · 2022 Q1,Stickymonger,2022-02-23,0,0,0,75,78.0,0,0,44,31,0,0,0,,0.5867,
Super Future Kid · Multiple · 2022 Q1,Super Future Kid,2022-02-23,0,0,0,49,52.0,0,0,13,36,0,0,0,,0.2653,
Gisela McDaniel · Are you watching? · 2022 Q1,Gisela McDaniel,2022-02-23,0,0,0,9,9.0,0,0,1,8,0,0,0,,0.1111,
Arghavan Khosravi · Multiple · 2022 Q1,Arghavan Khosravi,2022-02-22,0,0,0,19,19.0,0,0,12,7,0,0,0,,0.6316,
Jessie Makinson · Multiple · 2022 Q1,Jessie Makinson,2022-02-21,0,0,0,49,54.0,0,0,11,38,0,0,0,,0.2245,
Esiri Erheriene-Essi · Multiple · 2022 Q1,Esiri Erheriene-Essi,2022-02-20,0,0,0,31,36.0,0,0,2,29,0,0,0,,0.0645,
Johnson Tsang · Multiple · 2022 Q1,Johnson Tsang,2022-02-17,0,0,0,96,115.0,0,0,12,84,0,0,0,,0.125,
Tomoo Gokita · Oscalypso · 2022 Q1,Tomoo Gokita,2022-02-15,0,0,0,8,8.0,0,0,3,5,0,0,0,,0.375,
Aubrey Levinthal · Bed/Beach · 2022 Q1,Aubrey Levinthal,2022-02-11,0,0,0,18,18.0,0,0,0,18,0,0,0,,0.0,
George Rouy · Keeping it for Myself · 2022 Q1,George Rouy,2022-02-10,0,0,0,50,51.0,0,0,5,45,0,0,0,,0.1,
Roby Dwi Antono · BIAS · 2022 Q1,Roby Dwi Antono,2022-01-27,0,0,0,29,30.0,0,0,14,15,1,0,2,,0.4828,
Hideaki Kawashima · Multiple · 2022 Q1,Hideaki Kawashima,2022-01-19,0,0,0,49,49.0,0,0,20,29,0,0,0,,0.4082,
Darren Romanelli · Cactus Man Vessel · 2022 Q1,Darren Romanelli,2022-01-19,0,0,0,43,44.0,0,0,8,35,0,0,0,,0.186,
LY · Multiple · 2022 Q1,LY,2022-01-10,0,0,0,103,106.0,0,0,46,57,0,0,0,,0.4466,
Christian Rex van Minnen · Hello Fren · 2021 Q4,Christian Rex van Minnen,2021-12-13,0,0,0,1,1.0,0,0,1,0,7,0,0,,1.0,
Christian Rex van Minnen · A Sweet Tiger Man · 2021 Q4,Christian Rex van Minnen,2021-12-13,0,0,0,1,1.0,0,0,0,1,7,0,0,,0.0,
Christian Rex van Minnen · The Expert · 2021 Q4,Christian Rex van Minnen,2021-12-10,0,0,0,1,1.0,0,0,1,0,5,0,0,,1.0,
Christian Rex van Minnen · Deep Web Golden Bunny · 2021 Q4,Christian Rex van Minnen,2021-12-10,0,0,0,1,1.0,0,0,1,0,5,0,0,,1.0,
Christian Rex van Minnen · GN Bearish · 2021 Q4,Christian Rex van Minnen,2021-12-09,0,0,0,1,2.0,0,0,1,0,1,0,0,,1.0,
Christian Rex van Minnen · Rare Hero · 2021 Q4,Christian Rex van Minnen,2021-12-09,0,0,0,1,1.0,0,0,1,0,1,0,0,,1.0,
Christian Rex van Minnen · Very Thick Avatar · 2021 Q4,Christian Rex van Minnen,2021-12-09,0,0,0,1,1.0,0,0,0,1,1,0,0,,0.0,
Christian Rex van Minnen · Angry Feels · 2021 Q4,Christian Rex van Minnen,2021-12-09,0,0,0,1,1.0,0,0,1,0,1,0,0,,1.0,
Christian Rex van Minnen · GM Bullish · 2021 Q4,Christian Rex van Minnen,2021-12-08,0,0,0,1,1.0,0,0,0,1,0,0,0,,0.0,
Elmgreen & Dragset · The Observer · 2021 Q4,Elmgreen & Dragset,2021-12-01,0,0,0,44,51.0,0,0,10,34,0,0,0,,0.2273,
Jean-Michel Othoniel · Lotus of Hope · 2021 Q4,Jean-Michel Othoniel,2021-11-19,0,0,0,25,27.0,0,0,6,19,0,0,0,,0.24,
Paul Insect · Multiple · 2021 Q4,Paul Insect,2021-11-12,0,0,0,120,124.0,0,0,13,107,0,0,0,,0.1083,
Susumu Kamijo · Dance For Me In The Dusk · 2021 Q4,Susumu Kamijo,2021-11-03,0,0,0,74,78.0,0,0,17,57,0,0,0,,0.2297,
Michael Kagan · Concorde · 2021 Q4,Michael Kagan,2021-10-25,0,0,0,94,96.0,0,0,13,81,0,0,0,,0.1383,
Lina Iris Viktor · Ekstasis · 2021 Q4,Lina Iris Viktor,2021-10-12,0,0,0,9,10.0,0,0,3,6,0,0,0,,0.3333,
Amani Lewis · TWO QUEENS: Ode to Romare Bearden · 2021 Q3,Amani Lewis,2021-09-10,0,0,0,18,20.0,0,0,0,18,0,0,0,,0.0,
"Scott Kahn · Spring Moon, Grant Street (Hand-finished) · 2021 Q3",Scott Kahn,2021-08-20,0,0,0,29,31.0,0,0,7,22,0,0,0,,0.2414,
Roby Dwi Antono · KIRA · 2021 Q3,Roby Dwi Antono,2021-08-17,0,0,0,51,52.0,0,0,8,43,0,0,0,,0.1569,
"Ekene Emeka-Maduka · Tinko, Tinko in pretty aunty-give-me-cake · 2021 Q3",Ekene Emeka-Maduka,2021-08-14,0,0,0,8,8.0,0,0,3,5,0,0,0,,0.375,
Tomokazu Matsuyama · Broken Train Pick Me AP · 2021 Q3,Tomokazu Matsuyama,2021-07-30,0,0,0,3,3.0,0,0,2,1,1,0,0,,0.6667,
Hassan Hajjaj · Yazid & Rania · 2021 Q3,Hassan Hajjaj,2021-07-19,0,0,0,40,42.0,0,0,2,38,0,0,0,,0.05,
Jen Stark · In Between Space · 2021 Q3,Jen Stark,2021-07-13,0,0,0,50,51.0,0,0,4,46,0,0,0,,0.08,
"Nigel Howlett · Nigel Howlett - Inside out, 2021 · 2021 Q2",Nigel Howlett,2021-07-07,0,0,0,1,1.0,0,0,0,1,0,0,0,,0.0,
Neo Image Matloga · Majakathata · 2021 Q3,Neo Image Matloga,2021-06-17,0,0,0,64,70.0,0,0,1,63,0,0,0,,0.0156,
Tomokazu Matsuyama · Broken Train Pick Me · 2021 Q3,Tomokazu Matsuyama,2021-06-17,0,0,0,90,106.0,0,0,10,80,0,0,0,,0.1111,
Satoru Koizumi · Studio 2021 · 2021 Q2,Satoru Koizumi,2021-04-01,0,0,0,47,52.0,0,0,0,47,0,0,0,,0.0,
