release_name,artist,title,quarter,airtable_release,campaign_code,announce,open,sales_open,close,window_hours,early_access,pre_days,announce_source,open_source,signups,signups_unique,sessions,signup_order_rate,units,orders,purchases_per_order,units_window,units_private,buyers_unique,buyers_multiple,multiple_share,frames_per_print,units_source,spend_pre,spend_window,cost_per_signup,cost_per_sale,paid_share_signups,paid_share_units,untracked_share,units_target,edition_size,unit_price_eur,launch_value_eur,signups_aa_email,sess_share_aa_email,signup_share_aa_email,unit_share_aa_email,conv_sess_signup_aa_email,sessions_aa_email,signup_order_rate_aa_email,sess_win_aa_email,conv_win_aa_email,signups_aa_social,sess_share_aa_social,signup_share_aa_social,unit_share_aa_social,conv_sess_signup_aa_social,sessions_aa_social,signup_order_rate_aa_social,sess_win_aa_social,conv_win_aa_social,signups_referral_artist,sess_share_referral_artist,signup_share_referral_artist,unit_share_referral_artist,conv_sess_signup_referral_artist,sessions_referral_artist,signup_order_rate_referral_artist,sess_win_referral_artist,conv_win_referral_artist,signups_search_direct_other,sess_share_search_direct_other,signup_share_search_direct_other,unit_share_search_direct_other,conv_sess_signup_search_direct_other,sessions_search_direct_other,signup_order_rate_search_direct_other,sess_win_search_direct_other,conv_win_search_direct_other,signups_paid,sess_share_paid,signup_share_paid,unit_share_paid,conv_sess_signup_paid,sessions_paid,signup_order_rate_paid,sess_win_paid,conv_win_paid,sessions_window
José Parlá · The Founders · 2021 Q4,José Parlá,The Founders,2021 Q4,01.10JParlaFounders,,2021-09-30,2021-10-01T12:00:00Z,2021-10-01T02:00:00Z,2021-10-02T12:00:00Z,24.0,True,1,signups,default,115.0,115.0,0.0,0.43478260869565216,1338.0,1188.0,1.1262626262626263,1333.0,0.0,1180.0,111.0,0.0940677966101695,,feed,0.0,0.0,,,0.0,0.0,1.0,,1368.0,475.0,649800.0,0.0,0.0,0.0,0.16666666666666666,,0.0,,0.0,,0.0,0.0,0.0,0.0,,0.0,,0.0,,0.0,0.0,0.0,0.0,,0.0,,0.0,,0.0,0.0,0.0,0.8333333333333334,,0.0,,0.0,,0.0,0.0,0.0,0.0,,0.0,,0.0,,0.0
Tomás Sánchez · En el paisaje interior · 2022 Q1,Tomás Sánchez,En el paisaje interior,2022 Q1,27.01TSanchezEnElPai,,2022-01-20,2022-01-27T13:00:00Z,2022-01-27T13:00:00Z,2022-01-28T13:00:00Z,24.0,False,7,signups,default,217.0,196.0,0.0,0.5483870967741935,621.0,616.0,1.0081168831168832,502.0,0.0,616.0,16.0,0.025974025974025976,,feed,0.0,0.0,,,0.0,0.0,1.0,,625.0,350.0,218750.0,0.0,0.0,0.0,0.0,,0.0,,0.0,,0.0,0.0,0.0,0.0,,0.0,,0.0,,0.0,0.0,0.0,0.0,,0.0,,0.0,,0.0,0.0,0.0,1.0,,0.0,,0.0,,0.0,0.0,0.0,0.0,,0.0,,0.0,,0.0
Christian Rex van Minnen · Parallax · 2022 Q1,Christian Rex van Minnen,Parallax,2022 Q1,22.03CRVMinnenParallax,,2022-01-31,2022-02-22T13:00:00Z,2022-02-22T13:00:00Z,2022-02-23T13:00:00Z,24.0,False,22,signups,default,440.0,418.0,0.0,0.2727272727272727,586.0,564.0,1.0390070921985815,518.0,0.0,568.0,22.0,0.03873239436619718,,feed,0.0,0.0,,,0.0,0.0,1.0,,606.0,500.0,303000.0,0.0,0.0,0.0,1.0,,0.0,,0.0,,0.0,0.0,0.0,0.0,,0.0,,0.0,,0.0,0.0,0.0,0.0,,0.0,,0.0,,0.0,0.0,0.0,0.0,,0.0,,0.0,,0.0,0.0,0.0,0.0,,0.0,,0.0,,0.0
Paul Insect · Peace · 2022 Q2,Paul Insect,Peace,2022 Q2,28.04PInsectPeace,,2022-04-21,2022-04-28T12:00:00Z,2022-04-28T12:00:00Z,2022-04-30T12:00:00Z,48.0,False,7,signups,default,189.0,177.0,0.0,0.0,0.0,0.0,,0.0,0.0,0.0,0.0,,,feed,0.0,0.0,,,0.0,0.0,1.0,,269.0,250.0,67250.0,0.0,0.0,0.0,0.0,,0.0,,0.0,,0.0,0.0,0.0,0.0,,0.0,,0.0,,0.0,0.0,0.0,0.0,,0.0,,0.0,,0.0,0.0,0.0,0.0,,0.0,,0.0,,0.0,0.0,0.0,0.0,,0.0,,0.0,,0.0
Parra · Multiple · 2022 Q3,Parra,Multiple,2022 Q3,22.09PParraSmoke,,2022-09-13,2022-09-22T12:00:00Z,2022-09-22T12:00:00Z,2022-09-24T12:00:00Z,48.0,False,9,signups,default,800.0,762.0,7521.0,0.025,22.0,22.0,1.0,12.0,0.0,129.0,2.0,0.015503875968992248,,feed,0.0,0.0,,,0.0,0.0,0.99875,,1291.0,250.0,322750.0,0.0,0.04414306608163808,0.0,0.0,,332.0,,2128.0,,0.0,0.15503257545539156,0.0,0.0,,1166.0,,1860.0,,0.0,0.0,0.0,0.0,,0.0,,0.0,,1.0,0.5569738066746444,1.0,0.0,0.00023872045834328001,4189.0,,4223.0,,0.0,0.24385055178832601,0.0,0.0,,1834.0,,634.0,,8845.0
Tom Sachs · Too Darn Hot · 2022 Q4,Tom Sachs,Too Darn Hot,2022 Q4,22.10TSachsTimed Edition,,2022-10-26,2022-11-02T13:00:00Z,2022-11-01T07:00:00Z,2022-11-03T13:00:00Z,24.0,True,6,signups,default,1059.0,1155.0,8789.0,0.28895184135977336,1358.0,1222.0,1.1112929623567922,1092.0,10.0,1233.0,66.0,0.0535279805352798,,feed,0.0,0.0,,,0.018830525272547076,0.01615508885298869,0.047214353163361665,,1337.0,750.0,1002750.0,134.0,0.22266469450449425,0.13280475718533202,0.1583198707592892,0.0684721512519162,1957.0,0.3358208955223881,2573.0,0.038087835211815003,161.0,0.08317214700193423,0.1595639246778989,0.12762520193861066,0.22024623803009577,731.0,0.2857142857142857,1682.0,0.0469678953626635,213.0,0.2828535669586984,0.21110009910802774,0.1777059773828756,0.08567980691874497,2486.0,0.2347417840375587,6948.0,0.01583189407023604,482.0,0.36249857776766414,0.47770069375619423,0.5201938610662359,0.15128688010043942,3186.0,0.3091286307053942,3459.0,0.0930904885805146,19.0,0.04881101376720901,0.018830525272547076,0.01615508885298869,0.04428904428904429,429.0,,276.0,0.036231884057971016,14938.0
Ayako Rokkaku · Untitled · 2022 Q4,Ayako Rokkaku,Untitled,2022 Q4,22.11ARokkakuUntitledTL,,2022-11-15,2022-11-23T13:00:00Z,2022-11-23T09:00:00Z,2022-11-24T13:00:00Z,24.0,True,8,signups,default,1053.0,930.0,7199.0,0.5555555555555556,3581.0,2776.0,1.289985590778098,3553.0,0.0,2647.0,430.0,0.1624480544012089,,feed,0.0,0.0,,,0.004069175991861648,0.004024767801857585,0.06647673314339982,,3591.0,500.0,1795500.0,455.0,0.39019308237255174,0.46286876907426244,0.25572755417956655,0.16197935208259168,2809.0,0.5494505494505495,3167.0,0.26081465108935903,91.0,0.08306709265175719,0.09257375381485249,0.08235294117647059,0.15217391304347827,598.0,0.6263736263736264,784.0,0.3392857142857143,29.0,0.059035977219058206,0.029501525940996948,0.05232198142414861,0.06823529411764706,425.0,,1335.0,0.12659176029962546,404.0,0.46756493957494094,0.41098677517802645,0.6055727554179566,0.12002376708259062,3366.0,0.5816831683168316,5819.0,0.33614023028011686,4.0,0.00013890818169190166,0.004069175991861648,0.004024767801857585,,1.0,,5.0,,11110.0
Yu Nagaba · Fishbowl · 2023 Q1,Yu Nagaba,Fishbowl,2023 Q1,02.03YunagabaTL,YUNAGTIMED,2023-02-22,2023-03-02T13:00:00Z,2023-03-02T09:00:00Z,2023-03-03T13:00:00Z,24.0,True,8,signups,default,337.0,303.0,5122.0,0.40059347181008903,378.0,354.0,1.0677966101694916,375.0,0.0,356.0,22.0,0.0625,,orders,0.0,0.0,,,0.0032258064516129032,0.005763688760806916,0.08011869436201781,750.0,380.0,300.0,114000.0,60.0,0.08199921905505662,0.1935483870967742,0.21613832853025935,0.14285714285714285,420.0,0.4,1435.0,0.05226480836236934,42.0,0.10894181960171807,0.13548387096774195,0.1642651296829971,0.07526881720430108,558.0,0.35714285714285715,570.0,0.1,71.0,0.5724326434986333,0.22903225806451613,0.1844380403458213,0.024215552523874487,2932.0,0.4647887323943662,739.0,0.08660351826792964,136.0,0.23662631784459195,0.43870967741935485,0.42939481268011526,0.11221122112211221,1212.0,0.4338235294117647,963.0,0.15472481827622014,1.0,0.0,0.0032258064516129032,0.005763688760806916,,0.0,,1.0,,3708.0
Gabrielle Garland · Anything worth having hurts a little · 2023 Q1,Gabrielle Garland,Anything worth having hurts a little,2023 Q1,2023.03Gabrielle GaTL,GABRITIMED,2023-02-23,2023-03-09T13:00:00Z,2023-03-09T13:00:00Z,2023-03-10T13:00:00Z,24.0,False,14,signups,default,205.0,199.0,1760.0,0.36097560975609755,165.0,162.0,1.0185185185185186,159.0,0.0,157.0,5.0,0.031055900621118012,,orders,0.0,0.0,,,0.0,0.007751937984496124,0.03902439024390244,250.0,170.0,250.0,42500.0,49.0,0.16363636363636364,0.24873096446700507,0.15503875968992248,0.1701388888888889,288.0,0.12244897959183673,639.0,0.03129890453834116,36.0,0.2096590909090909,0.18274111675126903,0.1937984496124031,0.0975609756097561,369.0,0.4444444444444444,245.0,0.10204081632653061,53.0,0.41761363636363635,0.26903553299492383,0.23255813953488372,0.07210884353741497,735.0,0.37735849056603776,284.0,0.1056338028169014,59.0,0.20852272727272728,0.29949238578680204,0.4108527131782946,0.16076294277929154,367.0,0.5084745762711864,629.0,0.08426073131955485,0.0,0.0005681818181818182,0.0,0.007751937984496124,,1.0,,0.0,,1797.0
Javier Calleja · Multiple · 2023 Q1,Javier Calleja,Multiple,2023 Q1,23.03JavierCallejaTL,,2023-03-15,2023-03-23T13:00:00Z,2023-03-22T15:00:00Z,2023-03-24T13:00:00Z,24.0,True,7,signups,default,787.0,813.0,7056.0,0.39644218551461247,946.0,885.0,1.0689265536723165,824.0,35.0,884.0,79.0,0.08168028004667445,,orders,0.0,0.0,,,0.006640106241699867,0.007168458781362007,0.043202033036848796,3000.0,1022.0,963.2093933463797,984400.0,263.0,0.2790532879818594,0.34926958831341304,0.2939068100358423,0.13357034027425088,1969.0,0.41064638783269963,2062.0,0.11930164888457807,131.0,0.1736111111111111,0.17397078353253653,0.14097968936678615,0.10693877551020409,1225.0,0.366412213740458,1250.0,0.0944,0.0,0.0,0.0,0.0,,0.0,,0.0,,354.0,0.5459183673469388,0.4701195219123506,0.5579450418160096,0.09190031152647975,3852.0,0.423728813559322,2881.0,0.16209649427282194,5.0,0.001417233560090703,0.006640106241699867,0.007168458781362007,,10.0,,5.0,,6198.0
Ai Weiwei · Middle Finger in Red · 2023 Q1,Ai Weiwei,Middle Finger in Red,2023 Q1,30.03AiweiweiTL,AIWEIWEI23,2023-03-16,2023-03-30T12:00:00Z,2023-03-30T12:00:00Z,2023-03-31T12:00:00Z,24.0,False,14,signups,default,995.0,972.0,8380.0,0.40804020100502514,1163.0,1047.0,1.110792741165234,991.0,15.0,1134.0,111.0,0.08643122676579926,,orders,0.0,0.0,,,0.009825327510917031,0.005994005994005994,0.07939698492462312,1000.0,1285.0,410.0,526850.0,225.0,0.16252983293556086,0.24563318777292575,0.25374625374625376,0.16519823788546256,1362.0,0.30666666666666664,2715.0,0.09355432780847145,149.0,0.1279236276849642,0.16266375545851527,0.14885114885114886,0.13899253731343283,1072.0,0.37583892617449666,1104.0,0.13496376811594202,31.0,0.07124105011933174,0.03384279475982533,0.026973026973026972,0.051926298157453935,597.0,0.4838709677419355,349.0,0.07736389684813753,502.0,0.6371121718377089,0.5480349344978166,0.5644355644355644,0.09402509833302117,5339.0,0.4760956175298805,3521.0,0.16046577676796364,9.0,0.0011933174224343676,0.009825327510917031,0.005994005994005994,,10.0,,3.0,,7692.0
Nina Chanel Abney · Super Cool World print · 2023 Q2,Nina Chanel Abney,Super Cool World print,2023 Q2,14.04NinaChanelTL,,2023-04-11,2023-04-28T12:00:00Z,2023-04-28T12:00:00Z,2023-04-29T12:00:00Z,24.0,False,17,signups,default,193.0,188.0,2155.0,0.31088082901554404,1249.0,227.0,5.502202643171806,727.0,0.0,195.0,195.0,1.0,,feed,0.0,0.0,,,0.0,0.0,0.09844559585492228,500.0,800.0,750.0,600000.0,15.0,0.06125290023201856,0.08620689655172414,0.08903467666354264,0.11363636363636363,132.0,,871.0,0.10907003444316878,23.0,0.1345707656612529,0.13218390804597702,0.11246485473289597,0.07931034482758621,290.0,,304.0,0.39473684210526316,0.0,0.0,0.0,0.0,,0.0,,0.0,,136.0,0.8041763341067285,0.7816091954022989,0.7985004686035614,0.07847663012117714,1733.0,0.3088235294117647,745.0,1.1436241610738256,0.0,0.0,0.0,0.0,,0.0,,0.0,,1920.0
José Parlá · Seeing in Phosphene · 2023 Q2,José Parlá,Seeing in Phosphene,2023 Q2,06.06JoseParlaTL,,2023-05-04,2023-05-17T12:00:00Z,2023-05-17T12:00:00Z,2023-05-18T12:00:00Z,24.0,False,13,signups,default,506.0,498.0,3531.0,0.2964426877470356,305.0,304.0,1.0032894736842106,278.0,2.0,312.0,13.0,0.041666666666666664,,feed,0.0,0.0,,,0.0064516129032258064,0.007220216606498195,0.08102766798418973,1000.0,380.0,550.0,209000.0,267.0,0.44774851316907394,0.5741935483870968,0.5090252707581228,0.16888045540796964,1581.0,0.31835205992509363,1283.0,0.10989867498051442,32.0,0.06740300198244123,0.06881720430107527,0.04693140794223827,0.13445378151260504,238.0,0.21875,107.0,0.12149532710280374,33.0,0.08836023789294817,0.07096774193548387,0.1444043321299639,0.10576923076923077,312.0,0.36363636363636365,660.0,0.06060606060606061,130.0,0.3964882469555367,0.27956989247311825,0.2924187725631769,0.09285714285714286,1400.0,0.3076923076923077,398.0,0.20351758793969849,3.0,0.0,0.0064516129032258064,0.007220216606498195,,0.0,,2.0,,2450.0
Elizabeth Peyton · Multiple · 2023 Q2,Elizabeth Peyton,Multiple,2023 Q2,2023.06E.PeytonTL,,2023-06-12,2023-06-19T12:00:00Z,2023-06-19T12:00:00Z,2023-06-26T12:00:00Z,168.0,False,7,signups,default,104.0,101.0,2145.0,0.19230769230769232,58.0,58.0,1.0,54.0,3.0,82.0,7.0,0.08536585365853659,,feed,0.0,0.0,,,0.0,0.0,0.07692307692307693,210.0,127.0,1102.3622047244094,140000.0,50.0,0.213986013986014,0.5208333333333334,0.2765957446808511,0.10893246187363835,459.0,0.14,660.0,0.019696969696969695,10.0,0.05314685314685315,0.10416666666666667,0.0851063829787234,0.08771929824561403,114.0,,1388.0,0.002881844380403458,2.0,0.008391608391608392,0.020833333333333332,0.02127659574468085,,18.0,,10.0,,34.0,0.7244755244755244,0.3541666666666667,0.6170212765957447,0.021879021879021878,1554.0,0.35294117647058826,722.0,0.04016620498614958,0.0,0.0,0.0,0.0,,0.0,,0.0,,2780.0
Jean Jullien · La Grière · 2023 Q3,Jean Jullien,La Grière,2023 Q3,2023.06JeanJullienTL,JEANJTIMED,2023-06-27,2023-07-05T12:00:00Z,2023-07-05T12:00:00Z,2023-07-07T12:00:00Z,48.0,False,8,signups,default,220.0,207.0,1985.0,0.2863636363636364,326.0,292.0,1.1164383561643836,323.0,0.0,297.0,13.0,0.04377104377104377,,feed,0.0,0.0,,,0.004761904761904762,0.0,0.045454545454545456,250.0,339.0,300.0,101700.0,69.0,0.31133501259445845,0.32857142857142857,0.3838383838383838,0.11165048543689321,618.0,0.2608695652173913,959.0,0.11887382690302398,50.0,0.19093198992443325,0.23809523809523808,0.12457912457912458,0.13192612137203166,379.0,0.28,600.0,0.06166666666666667,0.0,0.0,0.0,0.0,,0.0,,0.0,,90.0,0.49773299748110833,0.42857142857142855,0.49158249158249157,0.09109311740890688,988.0,0.32222222222222224,788.0,0.18527918781725888,1.0,0.0,0.004761904761904762,0.0,,0.0,,0.0,,2347.0
Dmitri Cherniak · Multiple · 2023 Q3,Dmitri Cherniak,Multiple,2023 Q3,,,2023-09-21,2023-09-28T12:00:00Z,2023-09-27T11:00:00Z,2023-09-30T12:00:00Z,48.0,True,6,signups,default,602.0,684.0,6286.0,0.34053156146179403,556.0,516.0,1.0775193798449612,555.0,111.0,650.0,46.0,0.07076923076923076,,feed,0.0,0.0,,,0.0,0.0,0.14119601328903655,,,,,140.0,0.27028316894686605,0.27079303675048355,0.23275862068965517,0.0824014125956445,1699.0,0.2857142857142857,1859.0,0.05809575040344271,47.0,0.06633789373210308,0.09090909090909091,0.07543103448275862,0.11270983213429256,417.0,0.40425531914893614,728.0,0.04807692307692308,0.0,0.0,0.0,0.0,,0.0,,0.0,,330.0,0.6633789373210308,0.6382978723404256,0.6918103448275862,0.07913669064748201,4170.0,0.37272727272727274,5208.0,0.061635944700460826,0.0,0.0,0.0,0.0,,0.0,,0.0,,7795.0
James Jean · Descendent - Lucid Dreamer,James Jean,Descendent - Lucid Dreamer,,25.05JamesJeanTL,,2023-10-10,2023-10-12T12:00:00Z,2023-10-11T16:00:00Z,2023-10-19T12:00:00Z,168.0,True,1,signups,default,420.0,476.0,3328.0,0.31666666666666665,516.0,499.0,1.034068136272545,450.0,29.0,520.0,22.0,0.03747534516765286,,orders,0.0,0.0,,,0.0,0.01834862385321101,0.09761904761904762,660.0,537.0,1000.0,537000.0,235.0,0.5036057692307693,0.6200527704485488,0.26376146788990823,0.14021479713603818,1676.0,0.2765957446808511,2841.0,0.04047870468145019,68.0,0.2614182692307692,0.17941952506596306,0.22477064220183487,0.07816091954022988,870.0,0.4117647058823529,4223.0,0.023206251479990527,7.0,0.07091346153846154,0.018469656992084433,0.13990825688073394,0.029661016949152543,236.0,,5248.0,0.011623475609756097,69.0,0.15985576923076922,0.1820580474934037,0.3532110091743119,0.12969924812030076,532.0,0.463768115942029,2713.0,0.05676373018798378,0.0,0.004206730769230769,0.0,0.01834862385321101,,14.0,,3498.0,0.002287021154945683,18523.0
CryptoPunks · Multiple · 2023 Q4,CryptoPunks,Multiple,2023 Q4,2024CryptoChainPrintTL,CRYPTOPUNK,2023-10-05,2023-10-26T12:00:00Z,2023-10-26T12:00:00Z,2023-10-28T12:00:00Z,48.0,False,21,signups,default,1003.0,987.0,7145.0,0.2901296111665005,1101.0,967.0,1.138572905894519,1305.0,0.0,817.0,216.0,0.2124223602484472,,orders,0.0,0.0,,,0.0,0.0,0.13559322033898305,1666.0,1115.0,525.6502242152467,586100.0,221.0,0.1650104968509447,0.2549019607843137,0.16375,0.18744698897370654,1179.0,0.24434389140271492,2634.0,0.04973424449506454,258.0,0.3847445766270119,0.2975778546712803,0.19625,0.09385230993088396,2749.0,0.29844961240310075,852.0,0.18427230046948356,98.0,0.10846745976207138,0.11303344867358708,0.07125,0.12645161290322582,775.0,0.23469387755102042,451.0,0.12638580931263857,290.0,0.341777466759972,0.3344867358708189,0.56875,0.11875511875511875,2442.0,0.3482758620689655,4652.0,0.09780739466895959,0.0,0.0,0.0,0.0,,0.0,,0.0,,8589.0
Barry McGee · Multiple · 2023 Q4,Barry McGee,Multiple,2023 Q4,2023.06BarryMcgeeTL,BARRY91123,2023-11-02,2023-11-09T13:00:00Z,2023-11-08T15:00:00Z,2023-11-10T13:00:00Z,24.0,True,6,signups,default,489.0,502.0,5628.0,0.32719836400818,416.0,406.0,1.0246305418719213,375.0,81.0,456.0,25.0,0.051643192488262914,,orders,0.0,0.0,,,0.0,0.0,0.06952965235173825,1100.0,508.0,1045.275590551181,531000.0,141.0,0.22068230277185502,0.3098901098901099,0.23482849604221637,0.11352657004830918,1242.0,0.3333333333333333,1527.0,0.058284217419777344,123.0,0.1535181236673774,0.2703296703296703,0.21899736147757257,0.1423611111111111,864.0,0.35772357723577236,996.0,0.08333333333333333,1.0,0.0,0.002197802197802198,0.0,,0.0,,1.0,,190.0,0.6257995735607675,0.4175824175824176,0.5461741424802111,0.05394662123793299,3522.0,0.3368421052631579,3992.0,0.05185370741482966,0.0,0.0,0.0,0.0,,0.0,,0.0,,6516.0
Gregory Crewdson · Multiple · 2023 Q4,Gregory Crewdson,Multiple,2023 Q4,2023GregCrewdsonTL,,2023-11-08,2023-11-16T13:00:00Z,2023-11-15T03:00:00Z,2023-11-17T13:00:00Z,24.0,True,7,signups,default,356.0,386.0,2218.0,0.41292134831460675,490.0,481.0,1.0187110187110187,457.0,176.0,560.0,62.0,0.07454545454545454,,orders,0.0,0.0,,,0.0,0.0,0.09269662921348315,1000.0,412.0,400.0,164800.0,66.0,0.20874661857529306,0.2043343653250774,0.23404255319148937,0.14254859611231102,463.0,0.42424242424242425,527.0,0.18785578747628084,50.0,0.10459873760144274,0.15479876160990713,0.06382978723404255,0.21551724137931033,232.0,0.48,339.0,0.07964601769911504,107.0,0.04238052299368801,0.33126934984520123,0.23404255319148937,,94.0,0.37383177570093457,1981.0,0.049974760222110046,100.0,0.6442741208295762,0.30959752321981426,0.46808510638297873,0.06997900629811056,1429.0,0.45,1265.0,0.1565217391304348,0.0,0.0,0.0,0.0,,0.0,,45.0,,4157.0
Christian Rex van Minnen · Multiple · 2023 Q4,Christian Rex van Minnen,Multiple,2023 Q4,2023.09Christian ReTL,CHRISTIMED,2023-11-21,2023-11-29T13:00:00Z,2023-11-28T16:00:00Z,2023-11-30T13:00:00Z,24.0,True,7,signups,default,122.0,125.0,1549.0,0.20491803278688525,125.0,120.0,1.0416666666666667,116.0,56.0,128.0,6.0,0.02459016393442623,,orders,0.0,0.0,,,0.0,0.0,0.06557377049180328,500.0,129.0,550.0,70950.0,30.0,0.395093608779858,0.2631578947368421,0.37383177570093457,0.049019607843137254,612.0,0.2,728.0,0.054945054945054944,41.0,0.21368624919302776,0.35964912280701755,0.22429906542056074,0.12386706948640483,331.0,0.2682926829268293,370.0,0.06486486486486487,18.0,0.18076178179470626,0.15789473684210525,0.18691588785046728,0.06428571428571428,280.0,,698.0,0.02865329512893983,25.0,0.210458360232408,0.21929824561403508,0.21495327102803738,0.07668711656441718,326.0,,160.0,0.14375,0.0,0.0,0.0,0.0,,0.0,,0.0,,1956.0
Snowfro · Chromie Squiggle #8107 · 2023 Q4,Snowfro,Chromie Squiggle #8107,2023 Q4,2023SnowfroTL,,2023-11-13,2023-12-07T13:00:00Z,2023-12-07T13:00:00Z,2023-12-14T13:00:00Z,168.0,False,24,assumed,default,259.0,257.0,1709.0,0.25096525096525096,259.0,241.0,1.0746887966804979,224.0,0.0,245.0,16.0,0.06808510638297872,0.5057915057915058,orders,0.0,0.0,,,0.0,0.0,0.1969111969111969,200.0,262.0,350.0,91700.0,98.0,0.45582211819777646,0.47115384615384615,0.2513089005235602,0.1258023106546855,779.0,0.25510204081632654,976.0,0.04918032786885246,28.0,0.25570509069631364,0.1346153846153846,0.193717277486911,0.06407322654462243,437.0,,855.0,0.04327485380116959,0.0,0.0011702750146284377,0.0,0.0,,2.0,,0.0,,82.0,0.28730251609128143,0.3942307692307692,0.5549738219895288,0.1670061099796334,491.0,0.25609756097560976,648.0,0.16358024691358025,0.0,0.0,0.0,0.0,,0.0,,1.0,,2480.0
Anish Kapoor · Out of the Dark · 2023 Q4,Anish Kapoor,Out of the Dark,2023 Q4,2023.12Anish KapoorPE,ANISHTLE23,2023-11-17,2023-12-11T13:00:00Z,2023-12-11T13:00:00Z,2023-12-18T13:00:00Z,168.0,False,24,assumed,default,205.0,202.0,3229.0,0.23414634146341465,319.0,306.0,1.042483660130719,292.0,0.0,323.0,13.0,0.03225806451612903,,orders,662.88,4673.9800000000005,25.868487804878047,191.774561245882,0.125,0.07664233576642336,0.1024390243902439,150.0,332.0,1360.0,451520.0,121.0,0.5332920408795293,0.657608695652174,0.40145985401459855,0.070267131242741,1722.0,0.21487603305785125,1798.0,0.06117908787541713,10.0,0.06534530814493651,0.05434782608695652,0.05474452554744526,0.04739336492890995,211.0,,819.0,0.018315018315018316,0.0,0.0,0.0,0.0,,0.0,,14.0,,30.0,0.19696500464540107,0.16304347826086957,0.46715328467153283,0.04716981132075472,636.0,0.23333333333333334,939.0,0.13631522896698617,23.0,0.20439764633013316,0.125,0.07664233576642336,0.03484848484848485,660.0,,2717.0,0.007729112992270887,6287.0
Tomás Sánchez · Inner Love · 2024 Q1,Tomás Sánchez,Inner Love,2024 Q1,2024TomasSanchezTL,TOMASTLE24,2023-12-25,2024-01-18T16:00:00Z,2024-01-17T16:00:00Z,2024-01-19T16:00:00Z,24.0,True,23,assumed,airtable,719.0,734.0,10744.0,0.3894297635605007,618.0,591.0,1.0456852791878173,612.0,257.0,601.0,28.0,0.04081632653061224,0.2459546925566343,orders,2041.93,1554.0,8.885012318696603,23.067851284855113,0.319634703196347,0.10865561694290976,0.3908205841446453,162.0,630.0,450.0,283500.0,135.0,0.1714445271779598,0.3082191780821918,0.3701657458563536,0.0732899022801303,1842.0,0.9703703703703703,1820.0,0.11043956043956044,18.0,0.05156366344005957,0.0410958904109589,0.053406998158379376,0.032490974729241874,554.0,,443.0,0.0654627539503386,75.0,0.21574832464631422,0.17123287671232876,0.1860036832412523,0.032355478861087146,2318.0,0.4533333333333333,1283.0,0.07872174590802807,70.0,0.08432613551749814,0.1598173515981735,0.281767955801105,0.0772626931567329,906.0,0.6857142857142857,803.0,0.19053549190535493,140.0,0.4769173492181683,0.319634703196347,0.10865561694290976,0.0273224043715847,5124.0,0.2642857142857143,2040.0,0.02892156862745098,6389.0
Matt DesLauriers · Sierra · 2024 Q1,Matt DesLauriers,Sierra,2024 Q1,2024MattDesLTL,,2024-01-14,2024-02-07T13:00:00Z,2024-02-07T13:00:00Z,2024-02-09T13:00:00Z,48.0,False,24,assumed,default,120.0,116.0,1985.0,0.275,158.0,155.0,1.0193548387096774,126.0,0.0,163.0,16.0,0.026143790849673203,0.5316455696202531,orders,0.0,0.0,,,0.010309278350515464,0.008620689655172414,0.19166666666666668,500.0,166.0,750.0,124500.0,34.0,0.23073047858942067,0.35051546391752575,0.22413793103448276,0.07423580786026202,458.0,0.2647058823529412,472.0,0.05508474576271186,21.0,0.19445843828715365,0.21649484536082475,0.07758620689655173,0.054404145077720206,386.0,,191.0,0.04712041884816754,1.0,0.031234256926952142,0.010309278350515464,0.0,,62.0,,33.0,,40.0,0.2947103274559194,0.41237113402061853,0.6896551724137931,0.06837606837606838,585.0,0.375,529.0,0.15122873345935728,1.0,0.24886649874055417,0.010309278350515464,0.008620689655172414,0.0020242914979757085,494.0,,157.0,0.006369426751592357,1382.0
Ai Weiwei · Guardian · 2024 Q1,Ai Weiwei,Guardian,2024 Q1,2024AiWeiWeiTL,,2024-01-22,2024-02-15T14:00:00Z,2024-02-14T14:00:00Z,2024-02-16T14:00:00Z,24.0,True,23,assumed,airtable,2116.0,2210.0,24896.0,0.2896975425330813,1563.0,1524.0,1.0255905511811023,1539.0,583.0,1540.0,51.0,0.03151674326986211,0.24696097248880358,orders,0.0,0.0,,,0.4443850267379679,0.31354091238233167,0.11625708884688091,403.0,1601.0,650.0,1040650.0,421.0,0.1414685089974293,0.2251336898395722,0.27588703837798695,0.119534355479841,3522.0,0.37292161520190026,4422.0,0.08616010854816825,129.0,0.03550771208226221,0.06898395721925134,0.0666183924692252,0.14592760180995476,884.0,0.29457364341085274,1254.0,0.0733652312599681,282.0,0.12303181233933162,0.15080213903743314,0.1274438812454743,0.0920666013712047,3063.0,0.3404255319148936,1839.0,0.0957041870581838,207.0,0.0676413881748072,0.11069518716577541,0.2165097755249819,0.12292161520190023,1684.0,0.3719806763285024,1582.0,0.18900126422250316,831.0,0.6323505784061697,0.4443850267379679,0.31354091238233167,0.05278536492409325,15743.0,0.2527075812274368,13607.0,0.03182185639744249,22704.0
Ed Ruscha · Actual Size · 2024 Q2,Ed Ruscha,Actual Size,2024 Q2,2024EDRUSCHATL,,2024-03-18,2024-04-11T12:00:00Z,2024-04-10T17:00:00Z,2024-04-13T12:00:00Z,48.0,True,23,assumed,default,2143.0,2211.0,30614.0,0.3028464769015399,1510.0,1442.0,1.0471567267683772,1357.0,684.0,1723.0,103.0,0.04879725085910653,0.3622516556291391,orders,0.0,0.0,,,0.48933901918976547,0.2535107169253511,0.1245916938870742,1000.0,1863.0,475.0,884925.0,267.0,0.11814855948258966,0.14232409381663114,0.2793791574279379,0.07381808128283107,3617.0,0.5093632958801498,5108.0,0.0740015661707126,210.0,0.03191350362579212,0.11194029850746269,0.06947524020694752,0.21494370522006143,977.0,0.2904761904761905,673.0,0.13967310549777118,0.0,0.0,0.0,0.0,,0.0,,0.0,,481.0,0.19932057228718886,0.2563965884861407,0.3976348854397635,0.07882661422484431,6102.0,0.4677754677754678,3370.0,0.15964391691394658,918.0,0.6506173646044293,0.48933901918976547,0.2535107169253511,0.04608896475549754,19918.0,0.2178649237472767,11007.0,0.031161987825928956,20158.0
JR · La Nascita · 2024 Q2,JR,La Nascita,2024 Q2,XXXX.XXJR-646SE,,2024-04-25,2024-04-30T12:00:00Z,2024-04-29T13:00:00Z,2024-05-02T12:00:00Z,48.0,True,4,signups,default,683.0,721.0,11545.0,0.18887262079062958,285.0,278.0,1.025179856115108,271.0,125.0,282.0,8.0,0.025454545454545455,0.21403508771929824,orders,0.0,0.0,,,0.5042735042735043,0.29133858267716534,0.14348462664714495,500.0,293.0,440.0,128920.0,128.0,0.22148116067561716,0.2188034188034188,0.3188976377952756,0.050058662495111456,2557.0,0.3515625,2120.0,0.03820754716981132,88.0,0.06097877869207449,0.15042735042735042,0.11811023622047244,0.125,704.0,0.1590909090909091,691.0,0.04341534008683068,40.0,0.029969683845820702,0.06837606837606838,0.07874015748031496,0.11560693641618497,346.0,0.3,552.0,0.036231884057971016,34.0,0.11702035513209182,0.05811965811965812,0.19291338582677164,0.025166543301258327,1351.0,0.23529411764705882,807.0,0.06071871127633209,295.0,0.5705500216543958,0.5042735042735043,0.29133858267716534,0.04478518293608623,6587.0,0.15593220338983052,3873.0,0.019106635682933127,8043.0
Miwa Komatsu · Sacred Connectedness · 2024 Q2,Miwa Komatsu,Sacred Connectedness,2024 Q2,MiwaKomatLivePaint24,MIWAKOMAT_JUN24,2024-05-18,2024-06-11T08:00:00Z,2024-06-11T08:00:00Z,2024-06-13T08:00:00Z,48.0,False,24,assumed,airtable,308.0,287.0,2756.0,0.19805194805194806,314.0,281.0,1.1174377224199288,296.0,0.0,275.0,25.0,0.09191176470588236,0.35668789808917195,orders,3979.21,1280.3199999999997,24.341111424807078,25.59251931155983,0.5307692307692308,0.15932203389830507,0.15584415584415584,600.0,372.0,500.0,186000.0,28.0,0.5141509433962265,0.1076923076923077,0.17966101694915254,0.019760056457304165,1417.0,,1.0,,15.0,0.147677793904209,0.057692307692307696,0.03728813559322034,0.036855036855036855,407.0,,1.0,,36.0,0.14804063860667635,0.13846153846153847,0.08135593220338982,0.08823529411764706,408.0,0.25,3.0,,43.0,0.17888243831640058,0.16538461538461538,0.5423728813559322,0.0872210953346856,493.0,0.37209302325581395,8.0,,138.0,0.011248185776487663,0.5307692307692308,0.15932203389830507,,31.0,0.15217391304347827,0.0,,13.0
Mickalene Thomas · Multiple · 2024 Q2,Mickalene Thomas,Multiple,2024 Q2,,Mickalene_MayaInter_24,2024-06-01,2024-06-25T12:00:00Z,2024-06-24T13:00:00Z,2024-06-27T12:00:00Z,48.0,True,23,assumed,default,1322.0,1372.0,13835.0,0.2700453857791225,819.0,746.0,1.0978552278820375,949.0,302.0,770.0,216.0,0.034013605442176874,0.27350427350427353,orders,7366.640000000001,4863.1,9.363366483966173,17.80026764414965,0.5951219512195122,0.2702312138728324,0.22465960665658094,,,,,120.0,0.13950126490784243,0.11707317073170732,0.2774566473988439,0.06217616580310881,1930.0,0.5833333333333334,1915.0,0.10026109660574413,56.0,0.023129743404409108,0.054634146341463415,0.049132947976878616,0.175,320.0,0.4107142857142857,498.0,0.06827309236947791,97.0,0.043874232020238525,0.09463414634146342,0.09393063583815028,0.15980230642504117,607.0,0.36082474226804123,779.0,0.0834403080872914,142.0,0.12041922659920491,0.13853658536585367,0.3092485549132948,0.08523409363745499,1666.0,0.5140845070422535,2144.0,0.09981343283582089,610.0,0.673075533068305,0.5951219512195122,0.2702312138728324,0.06550687285223368,9312.0,0.23114754098360657,3165.0,0.05908372827804107,8501.0
Gabriel Moses · Multiple · 2024 Q3,Gabriel Moses,Multiple,2024 Q3,,GabrielMo_DoubleTL_24,2024-06-15,2024-07-09T12:00:00Z,2024-07-08T14:00:00Z,2024-07-11T12:00:00Z,48.0,True,23,assumed,default,96.0,97.0,2730.0,0.15625,26.0,26.0,1.0,26.0,13.0,36.0,3.0,0.0,0.34615384615384615,orders,618.69,0.0,29.190643382352945,,0.22077922077922077,0.047619047619047616,0.19791666666666666,,,,,20.0,0.16263736263736264,0.2597402597402597,0.42857142857142855,0.04504504504504504,444.0,,312.0,0.028846153846153848,12.0,0.09523809523809523,0.15584415584415584,0.0,0.046153846153846156,260.0,,379.0,,17.0,0.37875457875457874,0.22077922077922077,0.19047619047619047,0.01644100580270793,1034.0,,304.0,0.013157894736842105,11.0,0.10659340659340659,0.14285714285714285,0.3333333333333333,0.037800687285223365,291.0,,114.0,0.06140350877192982,17.0,0.25677655677655675,0.22077922077922077,0.047619047619047616,0.024251069900142655,701.0,,1.0,,1110.0
"Hank Willis Thomas · ""The only bond worth anything between human beings is their humanness."" · 2024 Q3",Hank Willis Thomas,"""The only bond worth anything between human beings is their humanness.""",2024 Q3,HankWillionlybond24,HankWilli_onlybond_24,2024-07-14,2024-08-07T12:00:00Z,2024-08-06T16:00:00Z,2024-08-09T12:00:00Z,48.0,True,23,assumed,default,343.0,356.0,3967.0,0.1457725947521866,261.0,253.0,1.0316205533596838,234.0,106.0,261.0,7.0,0.027559055118110236,0.367816091954023,orders,5860.45,5408.86,26.917388471749437,85.96456932027812,0.6347517730496454,0.24107142857142858,0.17784256559766765,,274.0,650.0,178100.0,61.0,0.2563650113435846,0.21631205673758866,0.39732142857142855,0.0599803343166175,1017.0,0.29508196721311475,747.0,0.11914323962516733,23.0,0.05318880766322158,0.08156028368794327,0.049107142857142856,0.10900473933649289,211.0,,204.0,0.05392156862745098,0.0,0.0,0.0,0.008928571428571428,,0.0,,98.0,,19.0,0.07663221578018654,0.0673758865248227,0.30357142857142855,0.0625,304.0,,536.0,0.12686567164179105,179.0,0.6138139652130074,0.6347517730496454,0.24107142857142858,0.07351129363449692,2435.0,0.09497206703910614,1782.0,0.030303030303030304,3367.0
Ai Weiwei · Everyone is a dragon · 2024 Q3,Ai Weiwei,Everyone is a dragon,2024 Q3,AiWeiweiDragon24,AiWeiwei_Dragon_24,2024-08-27,2024-09-05T12:00:00Z,2024-09-04T13:00:00Z,2024-09-06T12:00:00Z,24.0,True,8,airtable,default,4217.0,4425.0,57287.0,0.1297130661607778,1086.0,1045.0,1.0392344497607655,1031.0,435.0,1061.0,43.0,0.03065134099616858,0.4152854511970534,orders,16413.86,14369.55,5.055011028004188,32.74199984103012,0.7699898785425101,0.4011627906976744,0.06284088214370405,,1106.0,850.0,940100.0,425.0,0.12641611534903208,0.10754048582995951,0.26841085271317827,0.05868544600938967,7242.0,0.28705882352941176,6030.0,0.045936981757877283,121.0,0.01647843315237314,0.030617408906882592,0.02616279069767442,0.1281779661016949,944.0,0.09917355371900827,769.0,0.035110533159947985,112.0,0.02574755180058303,0.02834008097165992,0.05232558139534884,0.0759322033898305,1475.0,0.16071428571428573,1988.0,0.02716297786720322,251.0,0.03602911655349381,0.06351214574898785,0.25193798449612403,0.12160852713178294,2064.0,0.2948207171314741,2372.0,0.10961214165261383,3043.0,0.7953287831445179,0.7699898785425101,0.4011627906976744,0.0667881129011018,45562.0,0.10515938218862964,20055.0,0.020643231114435303,31214.0
Vhils · Multiple · 2024 Q3,Vhils,Multiple,2024 Q3,,Vhils_Timed_24,2024-09-16,2024-09-24T12:00:00Z,2024-09-23T13:00:00Z,2024-09-26T12:00:00Z,48.0,True,7,feed,default,378.0,403.0,653.0,0.17195767195767195,229.0,207.0,1.106280193236715,201.0,60.0,208.0,2.0,0.02666666666666667,0.14410480349344978,orders,2686.45,6200.759999999999,11.024977954144621,68.41255052068674,0.6446280991735537,0.4336734693877551,0.03968253968253968,,,,,18.0,0.37366003062787134,0.049586776859504134,0.1683673469387755,0.07377049180327869,244.0,,1888.0,0.017478813559322032,32.0,0.016845329249617153,0.0881542699724518,0.07142857142857142,,11.0,0.21875,254.0,0.05511811023622047,5.0,0.0015313935681470138,0.013774104683195593,0.03571428571428571,,1.0,,19.0,,74.0,0.5359877488514548,0.20385674931129477,0.29081632653061223,0.21142857142857144,350.0,0.22972972972972974,1373.0,0.041514930808448654,234.0,0.07197549770290965,0.6446280991735537,0.4336734693877551,,47.0,0.1452991452991453,9283.0,0.009156522675859098,12817.0
Beeple · Multiple · 2024 Q4,Beeple,Multiple,2024 Q4,BeepleTree24,Beeple_Tree_24,2024-10-03,2024-10-09T16:00:00Z,2024-10-08T17:00:00Z,2024-10-11T16:00:00Z,48.0,True,5,signups,airtable,918.0,931.0,10131.0,0.144880174291939,393.0,369.0,1.065040650406504,355.0,94.0,350.0,27.0,0.06936416184971098,0.20865139949109415,orders,3002.3199999999997,1544.5100000000002,7.440169594043067,66.19328571428572,0.4395734597156398,0.05982905982905983,0.08061002178649238,,716.0,350.0,250600.0,162.0,0.19859836146481097,0.19194312796208532,0.30484330484330485,0.0805168986083499,2012.0,0.24691358024691357,1689.0,0.06335109532267615,203.0,0.11144013424143717,0.24052132701421802,0.19658119658119658,0.17980513728963685,1129.0,0.18226600985221675,1171.0,0.05892399658411614,1.0,0.0003948277563912743,0.001184834123222749,0.08262108262108261,,4.0,,1275.0,0.022745098039215685,107.0,0.12683841674069687,0.12677725118483413,0.3561253561253561,0.08326848249027237,1285.0,0.308411214953271,1830.0,0.06830601092896176,371.0,0.5627282597966637,0.4395734597156398,0.05982905982905983,0.06507630240308718,5701.0,0.04582210242587601,1408.0,0.014914772727272728,7373.0
Grayson Perry · Magical Thinking · 2024 Q4,Grayson Perry,Magical Thinking,2024 Q4,GraysonPEMagical24,GraysonPE_Magical_24,2024-10-17,2024-10-22T12:00:00Z,2024-10-22T12:00:00Z,2024-10-29T12:00:00Z,168.0,False,5,airtable,default,2604.0,2432.0,26010.0,0.13632872503840246,1126.0,1084.0,1.0387453874538746,1024.0,0.0,1122.0,42.0,0.03,0.3368888888888889,orders,3768.88,30840.41,1.977636101272465,73.71509419476632,0.7318548387096774,0.37488626023657873,0.047619047619047616,,1163.0,1000.0,1163000.0,349.0,0.15063437139561708,0.1407258064516129,0.19654231119199272,0.08907605921388463,3918.0,0.2521489971346705,5900.0,0.03661016949152542,127.0,0.027643214148404458,0.05120967741935484,0.026387625113739762,0.17663421418636996,719.0,0.14173228346456693,775.0,0.03741935483870968,0.0,0.0,0.0,0.0,,0.0,,0.0,,189.0,0.05955401768550558,0.07620967741935483,0.4021838034576888,0.12201420271142673,1549.0,0.3333333333333333,5086.0,0.086905230043256,1815.0,0.7621683967704729,0.7318548387096774,0.37488626023657873,0.09155569007263922,19824.0,0.10137741046831956,52478.0,0.007850908952322879,64239.0
Danielle Mckinney · Sandman · 2025 Q1,Danielle Mckinney,Sandman,2025 Q1,DanielleMSand25,DanielleM_Sand_25,2025-01-06,2025-01-23T17:00:00Z,2025-01-23T17:00:00Z,2025-01-24T17:00:00Z,24.0,False,17,airtable,airtable,12593.0,12197.0,56261.0,0.061859763360597154,1074.0,1071.0,1.0028011204481793,1053.0,0.0,1138.0,32.0,0.01874414245548266,0.3435754189944134,orders,14470.03,9339.35,1.3145747107076589,27.203062410418944,0.8740875912408759,0.31584158415841584,0.042642738029063765,,1176.0,700.0,823200.0,381.0,0.08410799665843124,0.031602521566025214,0.25643564356435644,0.0805156382079459,4732.0,0.42782152230971127,6190.0,0.04184168012924071,312.0,0.018769662821492686,0.025879230258792303,0.10495049504950495,0.29545454545454547,1056.0,0.30128205128205127,527.0,0.20113851992409867,472.0,0.1151952507065285,0.039150630391506305,0.0702970297029703,0.07282826724270945,6481.0,0.1292372881355932,496.0,0.1431451612903226,353.0,0.055384724764934855,0.029280026542800264,0.2524752475247525,0.11328626444159179,3116.0,0.35694050991501414,1721.0,0.1481696687972109,10538.0,0.7265423650486127,0.8740875912408759,0.31584158415841584,0.25780409041980623,40876.0,0.031410134750427025,4844.0,0.06585466556564823,13778.0
Ai Weiwei · Combat fear with truth · 2025 Q1,Ai Weiwei,Combat fear with truth,2025 Q1,AiWeiweiSnake25,AiWeiwei_LE_25,2025-01-10,2025-01-29T14:00:00Z,2025-01-28T14:00:00Z,2025-01-30T14:00:00Z,24.0,True,18,airtable,airtable,3410.0,3415.0,46277.0,0.035483870967741936,224.0,211.0,1.061611374407583,223.0,110.0,225.0,11.0,0.04205607476635514,0.34375,orders,0.0,0.0,,,0.892572130141191,0.2961165048543689,0.04457478005865103,,601.0,850.0,510850.0,144.0,0.09920694945653348,0.04419889502762431,0.4174757281553398,0.031365715530385536,4591.0,0.19444444444444445,3987.0,0.021570102834211187,47.0,0.012576441860967652,0.014426028238182934,0.024271844660194174,0.08075601374570447,582.0,0.0425531914893617,244.0,0.020491803278688523,61.0,0.01162564556907319,0.0187231430325353,0.04854368932038835,0.11338289962825279,538.0,0.13114754098360656,129.0,0.07751937984496124,98.0,0.029366640015558484,0.030079803560466543,0.21359223300970873,0.07211184694628403,1359.0,0.1836734693877551,678.0,0.06489675516224189,2908.0,0.8472243230978672,0.892572130141191,0.2961165048543689,0.07417042874996811,39207.0,0.020976616231086657,269.0,0.22676579925650558,5307.0
Barry McGee · Fuzz Gathering · 2025 Q1,Barry McGee,Fuzz Gathering,2025 Q1,BarryMcgeTL225,BarryMcge_TL2_25,2025-01-21,2025-02-05T17:00:00Z,2025-02-04T11:00:00Z,2025-02-07T17:00:00Z,48.0,True,14,airtable,airtable,2121.0,2182.0,35386.0,0.1687883074021688,619.0,603.0,1.0265339966832505,602.0,252.0,617.0,18.0,0.021487603305785124,0.39095315024232635,orders,18253.079999999998,11641.160000000002,12.143858557284299,47.12720035670558,0.7086614173228346,0.40034965034965037,0.041961338991041965,,667.0,900.0,600300.0,229.0,0.1210365681342904,0.11269685039370078,0.28321678321678323,0.0534671958907308,4283.0,0.3231441048034934,4203.0,0.03854389721627409,204.0,0.03990278641270559,0.10039370078740158,0.08216783216783216,0.14447592067988668,1412.0,0.23039215686274508,632.0,0.07436708860759493,0.0,0.0,0.0,0.0,,0.0,,0.0,,159.0,0.04558299892612898,0.07824803149606299,0.23426573426573427,0.09857408555486671,1613.0,0.27044025157232704,1424.0,0.09410112359550561,1440.0,0.793477646526875,0.7086614173228346,0.40034965034965037,0.051285704109979346,28078.0,0.13055555555555556,9230.0,0.024810400866738896,15489.0
James Jean · Maze - Lucid · 2025 Q1,James Jean,Maze - Lucid,2025 Q1,JamesJeanMaze25,JamesJean_Maze_25,2025-01-27,2025-02-19T17:00:00Z,2025-02-18T17:00:00Z,2025-02-21T17:00:00Z,48.0,True,22,airtable,airtable,2441.0,2460.0,55481.0,0.06308889799262597,345.0,340.0,1.0147058823529411,351.0,130.0,353.0,18.0,0.03283582089552239,,orders,31699.16,5568.360000000001,15.082992926835903,66.05592699861138,0.8609787786920745,0.23745819397993312,0.05407619827939369,,376.0,1000.0,376000.0,119.0,0.044808132513833566,0.05153746210480727,0.3076923076923077,0.047868061142397424,2486.0,0.31092436974789917,3161.0,0.029104713698196772,22.0,0.003190281357581875,0.009527934170636639,0.06020066889632107,0.12429378531073447,177.0,,514.0,0.03501945525291829,64.0,0.015464753699464682,0.027717626678215677,0.18729096989966554,0.07459207459207459,858.0,0.296875,3138.0,0.017845761631612493,116.0,0.04010381932553487,0.05023819835426591,0.20735785953177258,0.05213483146067416,2225.0,0.1810344827586207,656.0,0.09451219512195122,1988.0,0.896433013103585,0.8609787786920745,0.23745819397993312,0.039971850809289236,49735.0,0.032696177062374245,4487.0,0.01582349008246044,11956.0
Shirin Neshat · Multiple · 2025 Q1,Shirin Neshat,Multiple,2025 Q1,ShirinNesTL25,ShirinNes_TL_25,2025-02-03,2025-02-26T14:00:00Z,2025-02-25T14:00:00Z,2025-02-28T14:00:00Z,48.0,True,22,signups,airtable,962.0,970.0,22663.0,0.18191268191268192,437.0,417.0,1.0479616306954436,601.0,136.0,410.0,140.0,0.07672634271099744,0.28832951945080093,orders,11118.79,6198.860000000001,18.22454989250211,34.366575746723015,0.6341991341991342,0.2971576227390181,0.0395010395010395,,650.0,692.0,449800.0,94.0,0.090588183382606,0.10173160173160173,0.2558139534883721,0.04578665367754506,2053.0,0.35106382978723405,2606.0,0.037989255564082884,98.0,0.03812381414640604,0.10606060606060606,0.07493540051679587,0.11342592592592593,864.0,0.17346938775510204,400.0,0.0725,6.0,0.003927105855358955,0.006493506493506494,0.002583979328165375,,89.0,,121.0,0.008264462809917356,140.0,0.07174690023386136,0.15151515151515152,0.3695090439276486,0.08610086100861009,1626.0,0.3,965.0,0.14818652849740932,586.0,0.7956139963817677,0.6341991341991342,0.2971576227390181,0.0324995840496922,18031.0,0.1348122866894198,4557.0,0.02523590081193768,8649.0
Mickalene Thomas · Multiple · 2025 Q1,Mickalene Thomas,Multiple,2025 Q1,MickaleneMultiTL25,Mickalene_MultiTL_25,2025-02-25,2025-03-18T17:00:00Z,2025-03-17T17:00:00Z,2025-03-20T17:00:00Z,48.0,True,20,airtable,airtable,7425.0,7629.0,75873.0,0.11595959595959596,1940.0,1535.0,1.263843648208469,2002.0,693.0,1535.0,364.0,0.20279255319148937,0.3252577319587629,orders,40974.75,15077.009999999998,6.506165637290822,19.05918700500728,0.848193107297335,0.38663861125723303,0.03474747474747475,,2078.0,752.1511068334937,1562970.0,391.0,0.06703306841695993,0.054555602065020234,0.25512887953708574,0.07687770349980338,5086.0,0.3452685421994885,7442.0,0.06517065305025531,99.0,0.008013390797780502,0.01381331100879029,0.02524986849026828,0.16282894736842105,608.0,0.21212121212121213,381.0,0.12598425196850394,49.0,0.006945817352681454,0.006836891307381052,0.022093634928984744,0.09297912713472485,527.0,0.24489795918367346,300.0,0.14,549.0,0.07289813240546703,0.07660108832147342,0.3108890057864282,0.09925872355812693,5531.0,0.2659380692167577,3894.0,0.1517719568567026,6079.0,0.8451095910271111,0.848193107297335,0.38663861125723303,0.0948051340434491,64121.0,0.08932390195755881,11753.0,0.06253722453841572,23770.0
Tomás Sánchez · Multiple · 2025 Q1,Tomás Sánchez,Multiple,2025 Q1,TomasSancPair25,TomasSanc_Pair_25,2025-02-24,2025-03-31T16:00:00Z,2025-03-30T13:00:00Z,2025-04-02T16:00:00Z,48.0,True,34,signups,airtable,2635.0,2640.0,38029.0,0.1206831119544592,791.0,585.0,1.3521367521367522,853.0,271.0,605.0,223.0,0.30927835051546393,0.21419518377693283,orders,15052.35,11034.919999999998,7.325021227381433,40.11496877940296,0.7798566878980892,0.3176470588235294,0.04667931688804554,,856.0,524.8247663551402,449250.0,154.0,0.09316574193378738,0.06130573248407643,0.19869281045751633,0.04346598927462602,3543.0,0.33766233766233766,3560.0,0.04269662921348315,59.0,0.01036051434431618,0.023487261146496817,0.03790849673202614,0.14974619289340102,394.0,0.22033898305084745,406.0,0.07142857142857142,106.0,0.03423702963527834,0.04219745222929936,0.08496732026143791,0.08141321044546851,1302.0,0.22641509433962265,546.0,0.11904761904761904,234.0,0.07607352283783428,0.09315286624203821,0.3607843137254902,0.0808848945731075,2893.0,0.2863247863247863,1484.0,0.18598382749326145,1959.0,0.7861631912487839,0.7798566878980892,0.3176470588235294,0.06552496906044085,29897.0,0.0816743236345074,10079.0,0.024109534676059134,16075.0
Robert Longo · Multiple · 2025 Q2,Robert Longo,Multiple,2025 Q2,RobertLonMenIn25,RobertLon_Menin_25,2025-03-21,2025-04-30T16:00:00Z,2025-04-29T16:00:00Z,2025-05-02T16:00:00Z,48.0,True,39,signups,airtable,2690.0,2705.0,32063.0,0.23568773234200743,1417.0,1188.0,1.1927609427609427,1417.0,557.0,1222.0,154.0,0.1135593220338983,0.3041637261820748,orders,0.0,0.0,,,0.7288595810705973,0.3392724573125464,0.041635687732342004,900.0,1688.0,750.0,1266000.0,249.0,0.1414714780276331,0.09658650116369279,0.26280623608017817,0.05489417989417989,4536.0,0.4859437751004016,4796.0,0.07381150959132611,86.0,0.014939338177962136,0.03335919317300233,0.030438010393466965,0.17954070981210857,479.0,0.2558139534883721,292.0,0.1404109589041096,92.0,0.02286124192995041,0.035686578743211794,0.025241276911655532,0.12551159618008187,733.0,0.2391304347826087,97.0,,272.0,0.1390699560240776,0.10550814584949574,0.3422420193021529,0.06100022426553039,4459.0,0.4338235294117647,5336.0,0.08639430284857572,1879.0,0.6816579858403767,0.7288595810705973,0.3392724573125464,0.08597181551976574,21856.0,0.18520489622139436,8309.0,0.05500060175713082,18830.0
Jonny Niesche · Multiple · 2025 Q2,Jonny Niesche,Multiple,2025 Q2,JonnyNies2TL25,JonnyNies_2TL_25,2025-04-22,2025-05-08T16:00:00Z,2025-05-07T16:00:00Z,2025-05-15T16:00:00Z,168.0,True,15,airtable,airtable,630.0,630.0,7402.0,0.12698412698412698,155.0,134.0,1.1567164179104477,156.0,62.0,139.0,23.0,0.15789473684210525,0.4129032258064516,orders,1682.45,891.1800000000001,13.774444444444445,71.89987261146499,0.19387755102040816,0.07894736842105263,0.06666666666666667,280.0,219.0,600.0,131400.0,91.0,0.47676303701702244,0.15476190476190477,0.3618421052631579,0.025786341739869652,3529.0,0.23076923076923078,2905.0,0.0189328743545611,110.0,0.06781950824101594,0.1870748299319728,0.10526315789473684,0.21912350597609562,502.0,0.1,477.0,0.033542976939203356,205.0,0.07700621453661173,0.3486394557823129,0.19078947368421054,0.35964912280701755,570.0,0.12195121951219512,241.0,0.12033195020746888,68.0,0.09578492299378547,0.11564625850340136,0.2631578947368421,0.09590973201692525,709.0,0.16176470588235295,566.0,0.0706713780918728,114.0,0.28262631721156445,0.19387755102040816,0.07894736842105263,0.05449330783938815,2092.0,0.09649122807017543,891.0,0.013468013468013467,5080.0
Friedrich Kunath · Storms Never Last · 2025 Q2,Friedrich Kunath,Storms Never Last,2025 Q2,FriedrichStorm25,Friedrich_Storm_25,2025-04-24,2025-05-15T16:00:00Z,2025-05-14T16:00:00Z,2025-05-22T16:00:00Z,168.0,True,20,airtable,airtable,2250.0,2293.0,33938.0,0.07288888888888889,282.0,275.0,1.0254545454545454,277.0,123.0,297.0,5.0,0.014234875444839857,0.4078014184397163,orders,20579.02,6968.37,12.017655762629422,86.47797302158273,0.7610661589719181,0.2898550724637681,0.06622222222222222,650.0,299.0,750.0,224250.0,161.0,0.095144086274972,0.07663017610661589,0.35507246376811596,0.049860637968411274,3229.0,0.2919254658385093,3514.0,0.027888446215139442,117.0,0.024986740526843066,0.055687767729652546,0.04710144927536232,0.13797169811320756,848.0,0.09401709401709402,388.0,0.03350515463917526,45.0,0.011432612410866875,0.021418372203712517,0.043478260869565216,0.11597938144329897,388.0,0.2,217.0,0.055299539170506916,179.0,0.03479875066297366,0.0851975249881009,0.2644927536231884,0.15156646909398813,1181.0,0.17318435754189945,654.0,0.11162079510703364,1599.0,0.8336378101243443,0.7610661589719181,0.2898550724637681,0.056517743531740425,28292.0,0.04002501563477173,5385.0,0.014856081708449397,10158.0
Mark Bradford · Scorched Earth Edition · 2025 Q2,Mark Bradford,Scorched Earth Edition,2025 Q2,MarkBradfBroad25,MarkBradf_Broad_25,2025-05-13,2025-05-27T16:00:00Z,2025-05-26T16:00:00Z,2025-06-03T16:00:00Z,168.0,True,13,airtable,airtable,1248.0,1271.0,17494.0,0.14262820512820512,401.0,360.0,1.113888888888889,371.0,109.0,410.0,17.0,0.032432432432432434,0.428927680798005,orders,11410.94,9119.27,14.475989512855211,108.82539560583275,0.6316239316239316,0.22465753424657534,0.0625,400.0,524.0,1300.0,681200.0,220.0,0.16445638504630158,0.18803418803418803,0.3232876712328767,0.0764685436218283,2877.0,0.3181818181818182,2897.0,0.04073179150845702,35.0,0.010975191494226592,0.029914529914529916,0.024657534246575342,0.18229166666666666,192.0,0.17142857142857143,211.0,0.04265402843601896,0.0,0.0,0.0,0.0,,0.0,,0.0,,176.0,0.1549102549445524,0.15042735042735042,0.4273972602739726,0.06494464944649446,2710.0,0.2159090909090909,4999.0,0.03120624124824965,739.0,0.6696581685149194,0.6316239316239316,0.22465753424657534,0.0630815194195476,11715.0,0.08389715832205684,4359.0,0.01881165404909383,12466.0
Judy Chicago · Multiple · 2025 Q2,Judy Chicago,Multiple,2025 Q2,JudyChicaTL25,JudyChica_TL_25,2025-05-12,2025-05-28T16:00:00Z,2025-05-27T16:00:00Z,2025-06-04T16:00:00Z,168.0,True,15,airtable,airtable,1036.0,1053.0,17687.0,0.13223938223938225,326.0,292.0,1.1164383561643836,458.0,125.0,293.0,163.0,0.14084507042253522,0.3282208588957055,orders,8713.669999999998,6016.290000000001,12.62291951291951,44.62088722013628,0.6663179916317992,0.29375,0.07722007722007722,700.0,430.0,700.0,301000.0,117.0,0.15989144569457794,0.12238493723849372,0.259375,0.04137199434229137,2828.0,0.2905982905982906,2314.0,0.035868625756266204,61.0,0.01911008085034206,0.06380753138075314,0.028125,0.1804733727810651,338.0,0.09836065573770492,250.0,0.036,47.0,0.029852433991066886,0.049163179916317995,0.01875,0.08901515151515152,528.0,0.1276595744680851,84.0,,94.0,0.07593147509470233,0.09832635983263599,0.4,0.06999255398361877,1343.0,0.24468085106382978,1234.0,0.10372771474878444,637.0,0.7152145643693107,0.6663179916317992,0.29375,0.05035573122529644,12650.0,0.10518053375196232,4171.0,0.022536561975545433,8053.0
Jen Stark · Multiple · 2025 Q2,Jen Stark,Multiple,2025 Q2,JenStarkTL25,JenStark_TL_25,2025-05-21,2025-06-04T16:00:00Z,2025-06-03T16:00:00Z,2025-06-11T16:00:00Z,168.0,True,13,airtable,airtable,526.0,526.0,7694.0,0.03231939163498099,52.0,44.0,1.1818181818181819,53.0,19.0,47.0,8.0,0.15555555555555556,0.4423076923076923,orders,3170.3699999999994,521.76,8.523842216572547,50.207094339622635,0.7071129707112971,0.19607843137254902,0.09125475285171103,400.0,73.0,450.0,32850.0,25.0,0.2386275019495711,0.05230125523012552,0.2549019607843137,0.013616557734204794,1836.0,,1495.0,0.008695652173913044,31.0,0.030283337665713544,0.06485355648535565,0.0784313725490196,0.13304721030042918,233.0,0.06451612903225806,317.0,0.012618296529968454,32.0,0.044060306732518845,0.06694560669456066,0.0784313725490196,0.0943952802359882,339.0,0.0625,521.0,0.007677543186180422,52.0,0.05640759033012737,0.1087866108786611,0.39215686274509803,0.11981566820276497,434.0,0.09615384615384616,473.0,0.042283298097251586,338.0,0.6306212633220691,0.7071129707112971,0.19607843137254902,0.06966199505358615,4852.0,0.01775147928994083,515.0,0.019417475728155338,3321.0
Felipe Pantone · Chromadynamica 19 P · 2025 Q3,Felipe Pantone,Chromadynamica 19 P,2025 Q3,FelipePanTL25,FelipePan_TL_25,2025-06-05,2025-07-03T16:00:00Z,2025-07-02T16:00:00Z,2025-07-10T16:00:00Z,168.0,True,27,airtable,airtable,1761.0,1770.0,24120.0,0.09994321408290743,279.0,273.0,1.021978021978022,280.0,98.0,281.0,9.0,0.01824817518248175,0.2736318407960199,orders,7503.16,2330.12,5.438822516532029,18.719214762465644,0.7833935018050542,0.4398496240601504,0.056218057921635436,300.0,290.0,500.0,145000.0,109.0,0.1199419568822554,0.06558363417569193,0.23684210526315788,0.03767715174559281,2893.0,0.23853211009174313,3160.0,0.019936708860759492,74.0,0.018076285240464344,0.044524669073405534,0.06015037593984962,0.16972477064220184,436.0,0.24324324324324326,284.0,0.056338028169014086,69.0,0.03130182421227198,0.04151624548736462,0.05639097744360902,0.0913907284768212,755.0,0.07246376811594203,784.0,0.01913265306122449,108.0,0.03142620232172471,0.06498194945848375,0.20676691729323307,0.1424802110817942,758.0,0.2037037037037037,738.0,0.07452574525745258,1302.0,0.7992537313432836,0.7833935018050542,0.4398496240601504,0.06753812636165578,19278.0,0.07987711213517665,4249.0,0.027535890797834785,9215.0
Lucian Freud · Multiple · 2025 Q3,Lucian Freud,Multiple,2025 Q3,LucianFreTL25,LucianFre_TL_25,2025-06-17,2025-07-17T13:00:00Z,2025-07-16T13:00:00Z,2025-07-24T13:00:00Z,168.0,True,29,signups,airtable,3810.0,4073.0,38021.0,0.048556430446194225,369.0,305.0,1.2098360655737705,368.0,128.0,316.0,45.0,0.12171052631578948,0.35772357723577236,orders,10296.329999999998,2673.52,3.0374424745241715,20.231139462163853,0.8897119341563786,0.3581267217630854,0.04330708661417323,400.0,437.0,500.0,218500.0,135.0,0.132163804213461,0.037037037037037035,0.3526170798898072,0.026865671641791045,5025.0,0.28888888888888886,6217.0,0.02058870838024771,108.0,0.012729807211804002,0.02962962962962963,0.07988980716253444,0.2231404958677686,484.0,0.12037037037037036,224.0,0.12946428571428573,1.0,2.6301254569842983e-05,0.00027434842249657066,0.0,,1.0,,1.0,,158.0,0.049078141027327,0.04334705075445816,0.209366391184573,0.08467309753483387,1866.0,0.13924050632911392,1436.0,0.052924791086350974,3243.0,0.8060019462928382,0.8897119341563786,0.3581267217630854,0.10582476749877631,30645.0,0.03361085414739439,5481.0,0.023718299580368547,13359.0
Carrie Mae Weems · Multiple · 2025 Q3,Carrie Mae Weems,Multiple,2025 Q3,CarrieMaeTL25,CarrieMae_TL_25,2025-06-30,2025-07-23T16:00:00Z,2025-07-22T16:00:00Z,2025-07-25T16:00:00Z,48.0,True,22,airtable,airtable,11213.0,11811.0,7977.0,0.046285561401944175,1079.0,873.0,1.2359679266895762,1066.0,331.0,896.0,144.0,0.15057471264367817,0.2808155699721965,orders,38671.55,13063.99,4.8033748229805076,71.93495739379854,0.7179980750721848,0.16539923954372623,0.7220190849906358,1200.0,1509.0,750.0,1131750.0,381.0,0.027955371693619155,0.12223291626564003,0.4096958174904943,,223.0,0.6351706036745407,3967.0,0.10864633224098816,76.0,0.0026325686348251222,0.02438241899262111,0.03612167300380228,,21.0,0.2894736842105263,472.0,0.08050847457627118,163.0,0.1877898959508587,0.05229387231312159,0.04277566539923954,0.10881174899866489,1498.0,0.09202453987730061,1008.0,0.044642857142857144,259.0,0.19631440391124483,0.08309271735643246,0.34600760456273766,0.16538952745849297,1566.0,0.4980694980694981,1745.0,0.20859598853868194,2238.0,0.5853077598094522,0.7179980750721848,0.16539923954372623,0.47933176269008354,4669.0,0.043789097408400354,5908.0,0.02945159106296547,13100.0
Parra · Multiple · 2025 Q3,Parra,Multiple,2025 Q3,PietParraDip25,PietParra_Dip_25,2025-06-15,2025-07-30T14:00:00Z,2025-07-29T14:00:00Z,2025-07-31T14:00:00Z,24.0,True,44,signups,airtable,5610.0,5614.0,59638.0,0.024777183600713012,224.0,209.0,1.0717703349282297,225.0,113.0,214.0,19.0,0.07692307692307693,0.36607142857142855,orders,16687.9,906.15,3.932451919966034,18.917898869948285,0.7564416024073726,0.21100917431192662,0.05222816399286988,500.0,313.0,500.0,156500.0,84.0,0.04408263187900332,0.015798382546548806,0.2981651376146789,0.03195131228604032,2629.0,0.23809523809523808,4478.0,0.014515408664582403,144.0,0.013145980750528186,0.02708294150836938,0.013761467889908258,0.1836734693877551,784.0,0.027777777777777776,76.0,,872.0,0.16554881116066938,0.16400225691179238,0.24311926605504589,0.08832168540463892,9873.0,0.05733944954128441,717.0,0.07391910739191074,195.0,0.03306616586739998,0.03667481662591687,0.23394495412844038,0.09888438133874239,1972.0,0.08717948717948718,595.0,0.08571428571428572,4022.0,0.7441564103423991,0.7564416024073726,0.21100917431192662,0.09062640829202344,44380.0,0.011685728493286921,2949.0,0.015598507968802983,8815.0
Ai Weiwei · Multiple · 2025 Q3,Ai Weiwei,Multiple,2025 Q3,AiWeiweiNVase25,AiWeiwei_NVase_25,2025-08-15,2025-08-28T13:00:00Z,2025-08-27T13:00:00Z,2025-09-04T13:00:00Z,168.0,True,12,airtable,airtable,2269.0,2390.0,74814.0,0.08197443807844866,450.0,378.0,1.1904761904761905,447.0,133.0,400.0,45.0,0.1111111111111111,,orders,22580.75,7339.239999999999,12.3827504285928,48.040679062736196,0.8036866359447005,0.3394919168591224,0.04363155575143235,1500.0,734.0,1300.0,954200.0,128.0,0.08466329831314995,0.05898617511520737,0.24480369515011546,0.020208399115882538,6334.0,0.2109375,6020.0,0.01760797342192691,96.0,0.011027347822600049,0.04423963133640553,0.04157043879907621,0.11636363636363636,825.0,0.16666666666666666,651.0,0.027649769585253458,28.0,0.006068382922982329,0.012903225806451613,0.018475750577367205,0.06167400881057269,454.0,,99.0,,174.0,0.05235651081348411,0.08018433179723503,0.3556581986143187,0.04442175134031146,3917.0,0.1896551724137931,1842.0,0.08360477741585233,1744.0,0.8458844601277836,0.8036866359447005,0.3394919168591224,0.027558308577207508,63284.0,0.05963302752293578,11806.0,0.012451295951211248,20418.0
Glenn Brown · Multiple · 2025 Q3,Glenn Brown,Multiple,2025 Q3,GlennBrowTwo25,GlennBrow_Two_25,2025-08-07,2025-09-16T13:00:00Z,2025-09-15T13:00:00Z,2025-09-23T13:00:00Z,168.0,True,39,signups,airtable,144.0,144.0,5554.0,0.14583333333333334,46.0,37.0,1.2432432432432432,46.0,16.0,37.0,7.0,0.1891891891891892,0.4782608695652174,orders,1075.15,0.0,22.081242612293146,,0.3381294964028777,0.0,0.034722222222222224,300.0,61.0,1000.0,61000.0,36.0,0.4094346416996759,0.2589928057553957,0.5652173913043478,0.0158311345646438,2274.0,0.3611111111111111,1231.0,0.021121039805036556,14.0,0.03168887288440764,0.10071942446043165,0.06521739130434782,0.07954545454545454,176.0,,239.0,0.012552301255230125,19.0,0.03348937702556716,0.1366906474820144,0.15217391304347827,0.10215053763440861,186.0,,80.0,,23.0,0.06733885487936622,0.16546762589928057,0.21739130434782608,0.06149732620320856,374.0,,134.0,0.07462686567164178,47.0,0.45804825351098305,0.3381294964028777,0.0,0.018474842767295597,2544.0,0.0,4.0,,1688.0
Cleon Peterson · Shame · 2025 Q3,Cleon Peterson,Shame,2025 Q3,CleonPeterTimed25,CleonPeter_Timed_25,2025-08-19,2025-09-17T16:00:00Z,2025-09-16T16:00:00Z,2025-09-19T16:00:00Z,48.0,True,28,airtable,airtable,1255.0,1273.0,20629.0,0.09402390438247012,199.0,198.0,1.005050505050505,197.0,72.0,275.0,3.0,0.011406844106463879,,orders,5016.55,2672.06,6.996665332760539,61.70227087820053,0.5713080168776371,0.21761658031088082,0.055776892430278883,225.0,283.0,650.0,183950.0,232.0,0.18541858548645113,0.19578059071729959,0.46632124352331605,0.06065359477124183,3825.0,0.1939655172413793,3168.0,0.028409090909090908,81.0,0.020311212370934122,0.06835443037974684,0.046632124352331605,0.19331742243436753,419.0,0.14814814814814814,538.0,0.016728624535315983,102.0,0.014154830578312084,0.08607594936708861,0.015544041450777202,0.3493150684931507,292.0,0.10784313725490197,321.0,0.009345794392523364,93.0,0.1850307819089631,0.07848101265822785,0.2538860103626943,0.02436468430704742,3817.0,0.13978494623655913,598.0,0.08193979933110368,677.0,0.5950845896553396,0.5713080168776371,0.21761658031088082,0.05514825676115999,12276.0,0.053175775480059084,3489.0,0.012037833190025795,8114.0
Joan Cornellà · Work Hard and Then Die · 2025 Q4,Joan Cornellà,Work Hard and Then Die,2025 Q4,SirJoanCTL25,SirJoanC_TL_25,2025-10-10,2025-10-23T11:00:00Z,2025-10-22T11:00:00Z,2025-10-24T11:00:00Z,24.0,True,12,airtable,airtable,2480.0,2596.0,49500.0,0.11733870967741936,469.0,467.0,1.0042826552462527,463.0,174.0,478.0,6.0,0.01072961373390558,0.42094017094017094,orders,10643.379999999997,2769.38,7.323821183642365,18.92905926295574,0.5859899328859061,0.31194690265486724,0.03870967741935484,200.0,492.0,600.0,295200.0,282.0,0.09692929292929293,0.11828859060402684,0.26327433628318586,0.05877448937057107,4798.0,0.1879432624113475,4154.0,0.02864708714492056,295.0,0.028404040404040404,0.12374161073825503,0.07300884955752213,0.20981507823613088,1406.0,0.09152542372881356,658.0,0.05015197568389058,264.0,0.060565656565656566,0.11073825503355705,0.13274336283185842,0.08805870580386925,2998.0,0.19696969696969696,622.0,0.09646302250803858,146.0,0.039313131313131314,0.061241610738255035,0.21902654867256638,0.0750256937307297,1946.0,0.23972602739726026,1819.0,0.054425508521165476,1397.0,0.7747878787878788,0.5859899328859061,0.31194690265486724,0.036425740508969545,38352.0,0.08589835361488905,5986.0,0.02355496157701303,13239.0
Harmonia · Multiple · 2025 Q4,Harmonia,Multiple,2025 Q4,,HarmoniaR_Two_25,2025-10-09,2025-10-29T17:00:00Z,2025-10-28T17:00:00Z,2025-10-31T17:00:00Z,48.0,True,19,feed,feed,1294.0,1309.0,19644.0,0.13446676970633695,345.0,312.0,1.1057692307692308,349.0,129.0,325.0,39.0,0.11650485436893204,0.1855072463768116,orders,5856.78,2188.49,6.914727767539454,25.72819080316271,0.6545601291364003,0.23893805309734514,0.04250386398763524,,,,,124.0,0.12120749338220321,0.10008071025020178,0.30383480825958703,0.052078958420831586,2381.0,0.3709677419354839,2999.0,0.03434478159386462,84.0,0.023620443901445735,0.06779661016949153,0.04424778761061947,0.1810344827586207,464.0,0.13095238095238096,198.0,0.07575757575757576,114.0,0.04907350845041743,0.09200968523002422,0.1592920353982301,0.11825726141078838,964.0,0.21929824561403508,680.0,0.07941176470588235,106.0,0.07381388719201792,0.08555286521388217,0.2536873156342183,0.07310344827586207,1450.0,0.25471698113207547,737.0,0.11668928086838534,811.0,0.7322846670739157,0.6545601291364003,0.23893805309734514,0.05637817170663886,14385.0,0.07891491985203453,2858.0,0.02834149755073478,7472.0
James Jean · Multiple · 2025 Q4,James Jean,Multiple,2025 Q4,JamesJeanSun25,JamesJean_Sun_25,2025-10-20,2025-10-31T17:00:00Z,2025-10-30T15:00:00Z,2025-11-07T17:00:00Z,168.0,True,10,airtable,airtable,562.0,567.0,19653.0,0.14412811387900357,262.0,262.0,1.0,262.0,134.0,252.0,10.0,0.036585365853658534,0.5572519083969466,orders,2655.33,1072.4399999999998,12.654830111411147,55.95536121673004,0.37335834896810505,0.0728744939271255,0.051601423487544484,600.0,472.0,593.6016949152543,280180.0,159.0,0.3356739429094795,0.29831144465290804,0.3076923076923077,0.0241018644838563,6597.0,0.1949685534591195,2464.0,0.030844155844155844,26.0,0.01887752505978731,0.04878048780487805,0.016194331983805668,0.07008086253369272,371.0,,397.0,0.010075566750629723,103.0,0.09525263318577316,0.19324577861163228,0.3157894736842105,0.05502136752136752,1872.0,0.1553398058252427,4292.0,0.018173345759552657,46.0,0.072202717142421,0.08630393996247655,0.2874493927125506,0.03241719520789288,1419.0,0.30434782608695654,1021.0,0.06953966699314397,199.0,0.47799318170253907,0.37335834896810505,0.0728744939271255,0.021183734298488396,9394.0,0.07035175879396985,2316.0,0.007772020725388601,10490.0
Cindy Sherman · Untitled · 2025 Q4,Cindy Sherman,Untitled,2025 Q4,CindySherTL25,CindySher_TL_25,2025-10-30,2025-11-11T17:00:00Z,2025-11-10T17:00:00Z,2025-11-18T17:00:00Z,168.0,True,11,airtable,airtable,2423.0,2683.0,37187.0,0.1411473380107305,599.0,588.0,1.0187074829931972,595.0,196.0,609.0,17.0,0.01870748299319728,0.35785953177257523,orders,11432.45,9799.04,6.475269718748877,53.35032888888889,0.7286652078774617,0.30612244897959184,0.05695418902187371,850.0,629.0,1300.0,817700.0,375.0,0.14176997337779332,0.16411378555798686,0.3707482993197279,0.07113050075872535,5272.0,0.33066666666666666,4458.0,0.048900852400179454,90.0,0.013499341167612337,0.03938730853391685,0.03231292517006803,0.17928286852589642,502.0,0.16666666666666666,603.0,0.03150912106135987,3.0,0.0002958022965014656,0.001312910284463895,0.003401360544217687,,11.0,,15.0,,152.0,0.04993680587302014,0.06652078774617068,0.28741496598639454,0.08185245018847603,1857.0,0.34210526315789475,1742.0,0.09701492537313433,1665.0,0.7944980772850727,0.7286652078774617,0.30612244897959184,0.05635471314943307,29545.0,0.0894894894894895,10021.0,0.017962279213651334,16839.0
Keita Morimoto · Multiple · 2025 Q4,Keita Morimoto,Multiple,2025 Q4,KeitaMorTL25,KeitaMor_TL_25,2025-11-03,2025-12-09T10:00:00Z,2025-12-08T10:00:00Z,2025-12-11T10:00:00Z,48.0,True,35,signups,airtable,1282.0,1318.0,24581.0,0.20904836193447737,461.0,444.0,1.0382882882882882,451.0,182.0,467.0,22.0,0.04308390022675737,0.39045553145336226,orders,4507.049999999999,2196.96,7.1060800942675995,26.13349864886346,0.49473684210526314,0.18040089086859687,0.036661466458658344,500.0,599.0,661.1435726210351,396025.0,212.0,0.22212277775517678,0.17165991902834007,0.2383073496659243,0.03882783882783883,5460.0,0.2641509433962264,3270.0,0.0327217125382263,96.0,0.024246369146902078,0.07773279352226721,0.07126948775055679,0.1610738255033557,596.0,0.3229166666666667,572.0,0.055944055944055944,154.0,0.0425531914893617,0.12469635627530365,0.08908685968819599,0.14722753346080306,1046.0,0.2532467532467532,526.0,0.07604562737642585,162.0,0.11911639070827061,0.1311740890688259,0.4209354120267261,0.055327868852459015,2928.0,0.3950617283950617,1137.0,0.1662269129287599,611.0,0.5919612709002888,0.49473684210526314,0.18040089086859687,0.04199024122053467,14551.0,0.11947626841243862,3955.0,0.020480404551201013,9460.0
Tomás Sánchez · Multiple · 2026 Q1,Tomás Sánchez,Multiple,2026 Q1,TomasSanchezTL26,TomasSanchez_TL_26,2026-01-07,2026-01-27T17:00:00Z,2026-01-26T17:00:00Z,2026-01-29T17:00:00Z,48.0,True,19,airtable,airtable,2466.0,2561.0,46908.0,0.13746958637469586,659.0,610.0,1.080327868852459,645.0,217.0,614.0,56.0,0.08833333333333333,0.291350531107739,orders,20355.300000000003,3758.24,11.495242447795674,17.468031034987558,0.7180692011960701,0.32598425196850395,0.05068937550689376,800.0,837.0,500.0,418500.0,225.0,0.09983371706318751,0.09611277231952157,0.2409448818897638,0.048046124279308135,4683.0,0.28888888888888886,3226.0,0.04742715437073776,79.0,0.012982860066513174,0.03374626228107646,0.031496062992125984,0.1297208538587849,609.0,0.21518987341772153,420.0,0.047619047619047616,183.0,0.03892726187430715,0.07817172148654421,0.05984251968503937,0.10021905805038335,1826.0,0.14754098360655737,882.0,0.04308390022675737,173.0,0.06079986356271851,0.0739000427167877,0.3417322834645669,0.060659186535764374,2852.0,0.30057803468208094,1360.0,0.15955882352941175,1681.0,0.7874562974332736,0.7180692011960701,0.32598425196850395,0.0455086902376956,36938.0,0.1023200475907198,4548.0,0.04551451187335093,10436.0
Ai Weiwei · Multiple · 2026 Q1,Ai Weiwei,Multiple,2026 Q1,AiWeiweiSelfPortrait26,AiWeiwei_SelfPortrait_26,2026-01-06,2026-01-28T14:00:00Z,2026-01-27T14:00:00Z,2026-02-04T14:00:00Z,168.0,True,21,airtable,airtable,1150.0,1160.0,49304.0,0.051304347826086956,133.0,107.0,1.2429906542056075,122.0,42.0,110.0,17.0,0.1262135922330097,0.9291338582677166,orders,16847.879999999997,1508.71,22.50994976674752,103.48861111111111,0.6508379888268156,0.11570247933884298,0.06608695652173913,500.0,203.0,1500.0,304500.0,206.0,0.13428930715560602,0.19180633147113593,0.4628099173553719,0.031113124905603383,6621.0,0.14563106796116504,2524.0,0.022187004754358162,69.0,0.016002758396884635,0.06424581005586592,0.0743801652892562,0.08745247148288973,789.0,0.07246376811594203,337.0,0.026706231454005934,16.0,0.007788414733084537,0.0148975791433892,0.008264462809917356,0.041666666666666664,384.0,,50.0,,84.0,0.03796852182378712,0.0782122905027933,0.33884297520661155,0.04487179487179487,1872.0,0.07142857142857142,513.0,0.07992202729044834,699.0,0.8039509978906377,0.6508379888268156,0.11570247933884298,0.017634593067258692,39638.0,0.024320457796852647,2270.0,0.006167400881057269,5694.0
Marina Abramović · Maria/Marina · 2026 Q1,Marina Abramović,Maria/Marina,2026 Q1,MarinaAbr-1502,MarinaAbr-1502,2026-01-13,2026-02-10T17:00:00Z,2026-02-09T17:00:00Z,2026-02-12T17:00:00Z,48.0,True,27,airtable,airtable,8058.0,8220.0,130817.0,0.09171010176222388,1013.0,1013.0,1.0,1010.0,451.0,1038.0,17.0,0.012012012012012012,0.3824110671936759,orders,60891.56999999999,8094.99,9.253774153218071,16.794690863122174,0.8166030785422971,0.4665991902834008,0.05671382477041449,1000.0,1073.0,675.0,724275.0,523.0,0.051667596719080854,0.06880673595579528,0.29048582995951416,0.07737831040094689,6759.0,0.29636711281070743,8413.0,0.03411387138951622,353.0,0.016939694382228608,0.04644125772924615,0.06275303643724696,0.1592960288808664,2216.0,0.1359773371104816,991.0,0.06256306760847628,21.0,0.0035163625522676716,0.0027627943691619526,0.0020242914979757085,0.04565217391304348,460.0,,3.0,,497.0,0.0792633984879641,0.06538613340349954,0.17813765182186234,0.04793133378339281,10369.0,0.1790744466800805,2053.0,0.08572820263029712,6207.0,0.8486129478584588,0.8166030785422971,0.4665991902834008,0.05591237062326034,111013.0,0.0712099242790398,10820.0,0.042606284658040665,22280.0
Katharina Grosse · Multiple · 2026 Q1,Katharina Grosse,Multiple,2026 Q1,KatharinaTL25,Katharina_TL_25,2026-01-22,2026-02-13T14:00:00Z,2026-02-12T14:00:00Z,2026-02-20T14:00:00Z,168.0,True,21,airtable,airtable,1297.0,1337.0,24492.0,0.12490362374710871,400.0,291.0,1.3745704467353952,399.0,156.0,305.0,62.0,0.18556701030927836,0.28,orders,14335.759999999998,3141.1199999999994,15.826784654836134,31.634706075533657,0.6983739837398374,0.24456521739130435,0.051657671549730146,450.0,671.0,1000.0,671000.0,154.0,0.15127388535031847,0.12520325203252033,0.25,0.04156545209176788,3705.0,0.22077922077922077,2263.0,0.040653999116217414,37.0,0.015351951657684142,0.03008130081300813,0.035326086956521736,0.09840425531914894,376.0,0.16216216216216217,289.0,0.04498269896193772,58.0,0.021558059774620286,0.04715447154471545,0.07880434782608696,0.10984848484848485,528.0,0.20689655172413793,445.0,0.0651685393258427,122.0,0.07145190266209374,0.0991869918699187,0.391304347826087,0.06971428571428571,1750.0,0.319672131147541,1152.0,0.125,859.0,0.7403642005552834,0.6983739837398374,0.24456521739130435,0.047372194341807755,18133.0,0.08032596041909197,3378.0,0.02664298401420959,7527.0
Man Ray · Multiple · 2026 Q1,Man Ray,Multiple,2026 Q1,ManRayTL25,ManRay_TL_25,2026-01-20,2026-02-17T16:00:00Z,2026-02-16T17:00:00Z,2026-02-19T16:00:00Z,48.0,True,27,airtable,airtable,2850.0,2899.0,47397.0,0.07157894736842105,391.0,349.0,1.1203438395415473,371.0,131.0,352.0,33.0,0.08595988538681948,0.4884910485933504,orders,22581.92,2401.3100000000004,9.999292537532758,17.07262760065859,0.7924041297935103,0.35789473684210527,0.04842105263157895,750.0,487.0,451.74537987679673,220000.0,296.0,0.117096018735363,0.10914454277286136,0.4131578947368421,0.05333333333333334,5550.0,0.20608108108108109,3382.0,0.046422235363690126,75.0,0.012405848471422242,0.02765486725663717,0.031578947368421054,0.12755102040816327,588.0,0.013333333333333334,396.0,0.030303030303030304,1.0,0.00018988543578707514,0.0003687315634218289,0.0,,9.0,,3.0,,191.0,0.05390636538177522,0.07042772861356932,0.19736842105263158,0.07475538160469668,2555.0,0.16230366492146597,983.0,0.0762970498474059,2149.0,0.8164018819756524,0.7924041297935103,0.35789473684210527,0.05553689107119783,38695.0,0.05072126570497906,3093.0,0.043970255415454254,7857.0
Em Cooper · Multiple · 2026 Q1,Em Cooper,Multiple,2026 Q1,EmCooperTL25,EmCooper_TL_25,2026-02-06,2026-03-04T14:00:00Z,2026-03-04T14:00:00Z,2026-03-06T14:00:00Z,48.0,False,26,signups,airtable,372.0,372.0,22278.0,0.03763440860215054,25.0,24.0,1.0416666666666667,25.0,2.0,40.0,4.0,0.075,0.52,orders,5314.8099999999995,381.07,20.668329083258953,58.62615384615385,0.6912568306010929,0.25,0.016129032258064516,200.0,70.0,500.0,35000.0,27.0,0.10790914803842355,0.07377049180327869,0.25,0.011231281198003328,2404.0,,862.0,0.0069605568445475635,6.0,0.008349043899811474,0.01639344262295082,0.041666666666666664,0.03225806451612903,186.0,,264.0,0.003787878787878788,12.0,0.0241942723763354,0.03278688524590164,0.08333333333333333,0.022263450834879406,539.0,,587.0,0.0034071550255536627,68.0,0.3514229284495915,0.18579234972677597,0.375,0.008685655894750288,7829.0,0.029411764705882353,3361.0,0.002677774471883368,253.0,0.5081246072358381,0.6912568306010929,0.25,0.02234982332155477,11320.0,0.02766798418972332,1327.0,0.00452147701582517,6401.0
Mickalene Thomas · Multiple · 2026 Q1,Mickalene Thomas,Multiple,2026 Q1,MickaleneTTL26,MickaleneT_TL_26,2026-02-20,2026-03-17T17:00:00Z,2026-03-16T17:00:00Z,2026-03-19T17:00:00Z,48.0,True,24,airtable,feed,3920.0,4011.0,73247.0,0.1364795918367347,982.0,833.0,1.1788715486194479,957.0,345.0,839.0,109.0,0.12454212454212454,0.39307535641547864,orders,38845.75,8320.02,13.531746412939953,24.198029770635046,0.7323245499608662,0.3487124463519313,0.022193877551020407,1600.0,1156.0,795.0,919020.0,445.0,0.09986757136811064,0.11609705191755805,0.2843347639484979,0.060833902939166094,7315.0,0.29213483146067415,4111.0,0.06446120165409876,133.0,0.007645364315262059,0.03469866944951735,0.04291845493562232,0.2375,560.0,0.22556390977443608,383.0,0.10443864229765012,109.0,0.018430788974292463,0.028437255413514217,0.030042918454935622,0.08074074074074074,1350.0,0.13761467889908258,250.0,0.112,339.0,0.056917006839870575,0.08844247325854422,0.2939914163090129,0.08131446390021588,4169.0,0.2890855457227139,1729.0,0.1584731058415269,2807.0,0.8171392685024642,0.7323245499608662,0.3487124463519313,0.04689823400664962,59853.0,0.09262557890986818,7060.0,0.04603399433427762,13533.0
Lucian Freud · Multiple · 2026 Q2,Lucian Freud,Multiple,2026 Q2,LucianFreudTL26,LucianFreud_TL_26,2026-03-16,2026-04-14T13:00:00Z,2026-04-13T13:00:00Z,2026-04-16T13:00:00Z,48.0,True,28,airtable,airtable,1282.0,1293.0,26983.0,0.06942277691107644,198.0,162.0,1.2222222222222223,193.0,58.0,165.0,26.0,0.15527950310559005,0.48484848484848486,orders,9707.3,1066.49,10.397497422081184,25.584987373737373,0.728251864125932,0.21052631578947367,0.05850234009360374,480.0,246.0,500.0,123000.0,202.0,0.16428862617203424,0.16735708367854185,0.4789473684210526,0.04556733588991654,4433.0,0.18811881188118812,3928.0,0.023167006109979633,36.0,0.014824148537968351,0.029826014913007456,0.042105263157894736,0.09,400.0,0.1111111111111111,75.0,,2.0,0.0,0.0016570008285004142,0.0,,0.0,,1.0,,88.0,0.04954971648815921,0.07290803645401822,0.26842105263157895,0.06581899775617053,1337.0,0.17045454545454544,474.0,0.10759493670886076,879.0,0.7713375088018382,0.728251864125932,0.21052631578947367,0.042233219622351416,20813.0,0.034129692832764506,1276.0,0.03134796238244514,5754.0
Shirin Neshat · Multiple · 2026 Q2,Shirin Neshat,Multiple,2026 Q2,ShirinNeshatTL26,ShirinNeshat_TL_26,2026-04-07,2026-04-28T16:00:00Z,2026-04-27T16:00:00Z,2026-04-30T16:00:00Z,48.0,True,20,airtable,airtable,955.0,967.0,28864.0,0.15078534031413612,322.0,232.0,1.3879310344827587,316.0,114.0,236.0,58.0,0.25,0.4161490683229814,orders,18902.969999999998,2286.66,32.396140532600086,34.10837662337662,0.610989010989011,0.2082018927444795,0.04712041884816754,520.0,342.0,763.1578947368421,261000.0,201.0,0.13258730598669624,0.22087912087912087,0.42586750788643535,0.05252155735563104,3827.0,0.29850746268656714,2218.0,0.06086564472497746,67.0,0.011744733924611974,0.07362637362637363,0.07886435331230283,0.1976401179941003,339.0,0.19402985074626866,372.0,0.06720430107526881,4.0,0.0010740022172949003,0.004395604395604396,0.012618296529968454,,31.0,,31.0,,82.0,0.04684035476718403,0.09010989010989011,0.2744479495268139,0.060650887573964495,1352.0,0.2804878048780488,527.0,0.1650853889943074,556.0,0.8077536031042128,0.610989010989011,0.2082018927444795,0.02384730859961398,23315.0,0.08273381294964029,1692.0,0.03900709219858156,4840.0
Grayson Perry · The Changeling · 2026 Q2,Grayson Perry,The Changeling,2026 Q2,GraysonPerryTL25,GraysonPerry_TL_25,2026-04-08,2026-04-30T13:00:00Z,2026-04-29T13:00:00Z,2026-05-07T13:00:00Z,168.0,True,21,airtable,airtable,3039.0,3137.0,61028.0,0.087857847976308,437.0,420.0,1.0404761904761906,432.0,203.0,431.0,12.0,0.02619047619047619,0.4462242562929062,orders,28651.949999999997,4552.460000000001,12.41520090311104,34.728304341523526,0.7593984962406015,0.2992874109263658,0.03718328397499177,600.0,463.0,1000.0,463000.0,313.0,0.10146162417251098,0.10697197539302802,0.38954869358669836,0.05054909560723514,6192.0,0.28115015974440893,2897.0,0.056610286503279254,54.0,0.006324965589565445,0.01845522898154477,0.028503562945368172,0.13989637305699482,386.0,0.1111111111111111,408.0,0.029411764705882353,63.0,0.012830176312512289,0.0215311004784689,0.023752969121140142,0.08045977011494253,783.0,0.1746031746031746,218.0,0.045871559633027525,274.0,0.047732188503637675,0.0936431989063568,0.2589073634204275,0.09406110538963268,2913.0,0.15693430656934307,1214.0,0.08978583196046129,2222.0,0.8316510454217736,0.7593984962406015,0.2992874109263658,0.043779800606848725,50754.0,0.05310531053105311,5079.0,0.024808033077377438,9816.0
Joel Mesler · Multiple · 2026 Q2,Joel Mesler,Multiple,2026 Q2,JoelMeslerTL26,JoelMesler_TL_26,2026-04-21,2026-05-20T16:00:00Z,2026-05-19T16:00:00Z,2026-05-22T16:00:00Z,48.0,True,28,airtable,airtable,243.0,244.0,6775.0,0.1111111111111111,81.0,61.0,1.3278688524590163,79.0,20.0,65.0,13.0,0.16129032258064516,0.5432098765432098,orders,5275.120000000001,0.0,59.319226720260325,,0.3659574468085106,0.0759493670886076,0.03292181069958848,440.0,91.0,625.0,56875.0,100.0,0.461549815498155,0.425531914893617,0.6582278481012658,0.03197953309881676,3127.0,0.12,1641.0,0.031687995124923825,8.0,0.01948339483394834,0.03404255319148936,0.0379746835443038,0.06060606060606061,132.0,,186.0,0.016129032258064516,11.0,0.027158671586715866,0.04680851063829787,0.012658227848101266,0.059782608695652176,184.0,,37.0,,30.0,0.06391143911439115,0.1276595744680851,0.21518987341772153,0.06928406466512702,433.0,0.23333333333333334,132.0,0.12878787878787878,86.0,0.4278966789667897,0.3659574468085106,0.0759493670886076,0.02966540186271128,2899.0,0.06976744186046512,5.0,,2001.0
Ai Weiwei · Guar · Multiple · 2026 Q2,Ai Weiwei,Guar · Multiple,2026 Q2,AiWeiweiGuardian226,AiWeiwei_Guardian2_26,2026-05-12,2026-06-02T13:00:00Z,2026-06-01T13:00:00Z,2026-06-04T13:00:00Z,48.0,True,20,airtable,airtable,4254.0,4520.0,77919.0,0.08062999529854255,1019.0,801.0,1.2721598002496879,534.0,312.0,816.0,139.0,0.16518424396442186,0.4072620215897939,orders,34258.69,6601.0,9.618423734332586,14.696425980338812,0.8372773847279824,0.439918533604888,0.03643629525152797,660.0,1110.0,850.0,943500.0,338.0,0.07950564047279868,0.08245913637472554,0.20468431771894094,0.05456012913640032,6195.0,0.22485207100591717,4512.0,0.04454787234042553,57.0,0.005621222038270511,0.013905830690412296,0.019348268839103868,0.13013698630136986,438.0,0.19298245614035087,293.0,0.06484641638225255,40.0,0.005030865385849408,0.009758477677482313,0.021384928716904276,0.10204081632653061,392.0,0.125,179.0,0.11731843575418995,232.0,0.03649944172794825,0.05659917052939741,0.31466395112016293,0.08157524613220815,2844.0,0.19827586206896552,1406.0,0.2197724039829303,3432.0,0.8733428303751332,0.8372773847279824,0.439918533604888,0.05043350477590007,68050.0,0.057983682983682984,7247.0,0.059610873464882023,13637.0
Gregory Crewdson · Multiple · 2026 Q2,Gregory Crewdson,Multiple,2026 Q2,GregoryCrewdTL26,GregoryCrewd_TL_26,2026-06-10,2026-06-30T16:00:00Z,2026-06-29T16:00:00Z,2026-07-02T16:00:00Z,48.0,True,19,airtable,airtable,6524.0,6748.0,7310.0,0.14852851011649296,2872.0,1685.0,1.7044510385756677,2877.0,1154.0,1665.0,523.0,0.3099878197320341,0.25994417306350315,orders,38912.73,15107.82,9.561069458642347,19.228728443815324,0.6238372093023256,0.2671506352087114,0.4727161250766401,1500.0,3061.0,525.0,1607025.0,585.0,0.3135430916552668,0.17005813953488372,0.3455535390199637,0.25523560209424084,2292.0,0.6393162393162393,2696.0,0.35311572700296734,178.0,0.014637482900136799,0.051744186046511625,0.045372050816696916,,107.0,0.24719101123595505,62.0,,100.0,0.011080711354309165,0.029069767441860465,0.033030852994555354,,81.0,0.14,123.0,0.7398373983739838,431.0,0.47578659370725035,0.1252906976744186,0.3088929219600726,0.12392179413456009,3478.0,0.4733178654292343,2353.0,0.3616659583510412,2146.0,0.18495212038303693,0.6238372093023256,0.2671506352087114,,1352.0,0.13932898415657036,668.0,1.1017964071856288,5902.0
