release,buyers,buyers_multiple,pieces
Abdulnasser Gharem · Hemisphere · 2026 Q3,1,0,1
Adam Pendleton · Multiple · 2025 Q1,8,0,8
Ahmed Mater · Magnetism 25 · 2025 Q4,36,0,36
Ahmed Mater · Multiple · 2026 Q3,6,0,6
Ai Weiwei · Arm · Multiple · 2026 Q2,28,0,28
Ai Weiwei · Combat fear with truth · 2025 Q1,214,9,227
Ai Weiwei · Everyone is a dragon · 2024 Q3,1044,32,1092
Ai Weiwei · Glass Vase · 2023 Q3,7,0,7
Ai Weiwei · Guar · Multiple · 2026 Q2,787,130,1023
Ai Weiwei · Guardian · 2024 Q1,1523,48,1576
Ai Weiwei · Middle Finger in Red · 2023 Q1,1076,93,1228
Ai Weiwei · Multiple · 2023 Q2,55,3,58
Ai Weiwei · Multiple · 2024 Q4,121,1,122
Ai Weiwei · Multiple · 2025 Q3,369,41,452
Ai Weiwei · Multiple · 2025 Q4,17,0,17
Ai Weiwei · Multiple · 2026 Q1,103,13,131
Ai Weiwei · Multiple · 2026 Q3,5,0,5
Ai Weiwei · To Be Looked At... · 2024 Q4,46,0,46
Alex Katz · Ada Ada · 2025 Q4,36,0,36
Alpha Centauri Kid · Multiple · 2024 Q4,19,19,46
Alpha Centauri Kid · Warothy · 2023 Q4,12,0,12
Andy Warhol Estate · Multiple · 2026 Q4,15,0,15
Anish Kapoor · Out of the Dark · 2023 Q4,310,10,321
Anni and Josef Albers · Multiple · 2026 Q2,341,49,396
Antony Micallef · Portrait of Francis Bacon · 2024 Q3,15,0,15
Antony Micallef · Self Portrait with Blue Slash · 2026 Q2,10,0,10
Antony Micallef · Self Portrait with Yellow Lake and Magenta · 2025 Q3,22,0,22
Arghavan Khosravi · The Earring · 2023 Q4,12,0,12
Artspace Amphora Project · Multiple · 2025 Q1,1,0,1
Asuka Anastacia Ogawa · Sleepy · 2024 Q2,14,0,14
Aya Takano · Anthem (Detail) · 2023 Q1,5,0,5
Backside works. · Multiple · 2026 Q3,29,4,41
Baldur Helgason · Menippean Satire · 2024 Q1,24,0,24
Barry McGee · Fuzz Gathering · 2025 Q1,605,13,631
Barry McGee · Multiple · 2023 Q4,426,22,470
Beeple · Multiple · 2024 Q4,346,24,397
Benrei Huang · Minority Rules · 2024 Q1,27,5,34
Bony Ramirez · TORO! · 2023 Q4,7,0,7
Brian Calvin · Multiple · 2023 Q3,50,4,68
Cai Guo-Qiang · Snow Lotus No. 1 · 2024 Q1,24,0,24
Camilla Engström · Island Creators · 2023 Q4,41,0,41
Carrie Mae Weems · Multiple · 2025 Q3,870,131,1086
"Chris Huen Sin Kan · Joel, Tess and Haze · 2023 Q1",3,1,4
Christian Rex van Minnen · Multiple · 2023 Q2,16,0,16
Christian Rex van Minnen · Multiple · 2023 Q4,122,3,127
Cindy Sherman · Untitled · 2025 Q4,588,11,610
Cindy Sherman · Untitled · 2026 Q2,161,0,161
Claire Silver · daydreamer · 2025 Q3,29,1,30
Claire Tabouret · Paysage d’Intérieur (printemps) · 2024 Q4,22,2,24
Cleon Peterson · Multiple · 2023 Q3,85,9,97
Cleon Peterson · Shame · 2025 Q3,263,3,266
Cristina de Miguel · Tentacular Thinking · 2024 Q3,1,0,1
CryptoPunks · Multiple · 2023 Q4,805,171,1107
Cui Jie · Shanghai Federation of Industry & Commerce Building · 2023 Q4,5,0,5
DRIFT · Proto Nature I · 2026 Q1,7,0,7
Danielle Mckinney · Dream Catcher · 2023 Q1,12,0,12
Danielle Mckinney · Sandman · 2025 Q1,1067,20,1088
Danielle Mckinney · Shelter · 2024 Q3,47,0,47
DeeKay · Love Ripples · 2024 Q1,27,0,27
Derek Fordjour · Multiple · 2025 Q1,18,0,18
Devan Shimoyama · Le Mat · 2023 Q4,9,0,9
Dominique Fung · Handheld Fan · 2025 Q3,26,0,26
Ed Ruscha · Actual Size · 2024 Q2,1455,71,1549
Eddie Martinez · Olive Garden · 2026 Q2,27,0,27
Eddie Martinez · Scaffold · 2024 Q2,89,0,89
Em Cooper · Multiple · 2026 Q1,40,3,43
Emily Xie · Guardian Lion · 2024 Q1,16,0,16
En Iwamura · Multiple · 2025 Q3,10,0,10
Felipe Pantone · Chromadynamica 19 P · 2025 Q3,274,5,280
Felipe Pantone · Subtractive Variability Dimensional 13 AA · 2026 Q2,62,0,62
Ferrari Sheppard · Iris · 2025 Q2,24,0,24
Ferrari Sheppard · Put Some Red On It · 2026 Q1,33,0,33
Friedrich Kunath · Storms Never Last · 2025 Q2,281,4,285
Gabriel Moses · Multiple · 2024 Q3,31,0,31
Gabrielle Garland · Anything worth having hurts a little · 2023 Q1,161,5,166
George Condo · Fashion Model AP · 2025 Q1,1,0,1
George Condo · Fashion Model · 2025 Q1,46,3,50
George Condo · Multiple · 2024 Q1,79,1,81
Giorgiko · Unacquainted Friends · 2023 Q4,1,0,1
Giuseppe Penone · Multiple · 2026 Q3,5,1,6
Glenn Brown · Multiple · 2025 Q3,37,7,46
Glenn Ligon · Multiple · 2026 Q3,20,1,21
"Grant Levy-Lucero · de la Rosa, Dulcería La Moderna · 2023 Q2",4,0,4
Grant Riven Yun · Fall · 2023 Q2,13,0,13
Grant Riven Yun · High Fly Over the Valley · 2026 Q2,2,0,2
Grant Riven Yun · Multiple · 2024 Q1,1,1,2
Grayson Perry · Magical Thinking (Large) · 2025 Q2,2,0,2
Grayson Perry · Magical Thinking · 2024 Q4,1100,33,1140
Grayson Perry · The Changeling · 2026 Q2,420,11,438
Gregory Crewdson · Multiple · 2023 Q4,550,41,602
Gregory Crewdson · Multiple · 2026 Q2,1642,509,2879
Hajime Sorayama · Untitled · 2025 Q2,388,1,392
"Hank Willis Thomas · ""The only bond worth anything between human beings is their humanness."" · 2024 Q3",254,7,262
Hank Willis Thomas · “Success is no accident.” · 2026 Q2,101,0,101
Harland Miller · Multiple · 2025 Q1,16,0,16
Harland Miller · Multiple · 2025 Q3,27,0,27
Harland Miller · York So Good They Named It Once · 2025 Q2,21,0,21
Harmonia · Multiple · 2025 Q4,309,36,345
Hein Koh · Multiple · 2023 Q3,9,0,9
Hideaki Kawashima · Multiple · 2023 Q4,4,1,13
Hilary Pecis · Multiple · 2025 Q1,5,0,5
Hiroya Kurata · Lemonhead · 2023 Q4,5,0,5
Hyangmok Baik · I Know What You Did Last Summer · 2023 Q1,11,0,11
Iskra Velitchkova · EYENESSLESS · 2024 Q3,4,0,4
"JR · GIANTS, High jump in Rio · 2023 Q3",8,1,12
JR · La Nascita · 2024 Q2,275,7,285
"Jack Kaido · ICYMI, 2024 · 2024 Q4",20,0,20
James Jarvis · Hang in there! · 2025 Q3,90,0,90
James Jean · Descendent - Lucid Dreamer,507,19,527
James Jean · Maze - Lucid · 2025 Q1,335,11,347
James Jean · Multiple · 2025 Q4,246,9,262
James Jean · Multiple · 2026 Q3,208,21,229
James Jean · Woodcutter (Wood) · 2024 Q2,1,0,1
Jammie Holmes · Fred · 2025 Q1,38,0,38
Jaume Plensa · UTOPIA · 2026 Q3,186,0,186
Javier Calleja · Multiple · 2023 Q1,857,70,963
Javier Calleja · Multiple · 2024 Q2,122,0,122
Jean-Michel Othoniel · Multiple · 2026 Q1,37,0,37
Jeff Koons · Multiple · 2026 Q1,147,2,149
Jen Stark · Multiple · 2025 Q2,45,7,52
Jenna Gribbon · Glaring Shade · 2023 Q2,3,0,3
Jenny Holzer · Multiple · 2025 Q1,11,0,11
Joakim Ojanen · The dance we dance when we are together · 2026 Q1,14,0,14
Joan Cornellà · Work Hard and Then Die · 2025 Q4,466,5,472
Joel Mesler · Multiple · 2026 Q2,62,10,82
Johnson Tsang · Alliance · 2026 Q2,54,0,54
Johnson Tsang · Open the Right Mind · 2023 Q4,95,0,95
Johnson Tsang · Remembrance · 2025 Q3,102,0,102
Johnson Tsang · The Moment · 2024 Q4,181,0,181
Johnson Tsang · Work in Progress · 2026 Q1,38,0,38
Jonny Niesche · Diamond Vibration (Caught by the fuzz) · 2023 Q4,38,0,38
Jonny Niesche · Multiple · 2025 Q2,133,21,155
Jordan Casteel · Multiple · 2025 Q1,11,0,11
Josh Smith · Multiple · 2025 Q1,5,0,5
José Parlá · Multiple · 2024 Q4,16,0,16
Judy Chicago · Multiple · 2025 Q2,284,40,327
Judy Chicago · Reincarnation Triptych · 2025 Q4,4,0,4
Julian Schnabel · Multiple · 2026 Q3,46,3,50
Katharina Grosse · Multiple · 2026 Q1,291,54,400
Katherine Bradford · Swing Over Pool · 2025 Q3,91,4,96
Kaï · Content (Hand-finished) · 2024 Q2,14,0,14
Kaï · Content · 2024 Q2,24,0,24
Keita Morimoto · Multiple · 2025 Q4,441,19,461
Kotao Tomozawa · Multiple · 2023 Q4,13,1,14
LY · LUV Blossoming · 2025 Q2,13,0,13
LY · LUV New Beginnings · 2026 Q3,7,0,7
LY · LUV Somewhere New · 2023 Q4,17,0,17
LY · Multiple · 2023 Q2,101,16,126
Laura El · Park Ave · 2024 Q1,21,0,21
Lee Ufan · Dialogue · 2026 Q1,35,1,37
Lee Ufan · Multiple · 2025 Q2,138,10,148
Linda Dounia · Faux Letters · 2024 Q2,2,0,2
Luc Tuymans · Bell Boy · 2026 Q1,18,0,18
Lucian Freud · Multiple · 2025 Q3,304,37,370
Lucian Freud · Multiple · 2026 Q2,161,25,199
Luis Ponce · And the Absurd Was Born · 2023 Q4,21,0,21
Magdalena Suarez Frimkess · Homage for Jasper Johns · 2024 Q3,9,0,9
Man Ray · Multiple · 2026 Q1,349,30,394
Marcus Jansen · Afro Painter · 2023 Q4,13,0,13
Marina Abramović · Maria/Marina · 2026 Q1,999,12,1020
Mark Bradford · Scorched Earth Edition · 2025 Q2,370,12,408
Mark Whalen · Early Light · 2023 Q3,3,0,3
Matt DesLauriers · Sierra · 2024 Q1,153,4,159
Maurizio Cattelan · La Nona Ora · 2026 Q2,249,1,250
Maurizio Cattelan · THERAPY · 2026 Q2,82,1,84
Maurizio Cattelan · We are the Revolution (Gold Rush) · 2026 Q1,2,0,2
Maurizio Cattelan · We are the Revolution · 2025 Q4,214,3,224
Maurizio Cattelan · Window · 2026 Q1,117,1,119
Michael Kozlowski · Mecha · 2024 Q2,44,1,45
Michael Kozlowski · Metropolis print · 2023 Q1,10,10,20
Michaela Yearwood-Dan · Multiple · 2023 Q4,28,0,28
Mickalene Thomas · Multiple · 2024 Q2,735,25,836
Mickalene Thomas · Multiple · 2025 Q1,1504,305,1944
Mickalene Thomas · Multiple · 2026 Q1,819,102,987
Miwa Komatsu · Innocent Days and Wishes · 2025 Q2,6,0,6
Miwa Komatsu · Multiple · 2023 Q4,54,1,55
Miwa Komatsu · Sacred Connectedness · 2024 Q2,272,25,315
Miwa Komatsu · Three Guardians: Gatekeeping the Heat and Cold · 2026 Q2,15,0,15
Miwa Komatsu · White and Black Guiding Yamainu-sama · 2024 Q4,2,0,2
Moe Nakamura · Inside Us · 2023 Q4,4,0,4
Neo Image Matloga · Multiple · 2023 Q3,5,1,9
Okokume · Sumergidos · 2023 Q1,6,0,6
"Oscar yi Hou · Coolieisms, aka: Born In The USA (Go And Kill The Yellow Man) · 2025 Q2",2,0,2
Other World · Dogs of War · 2025 Q2,13,0,13
Pablo Tomek · Multiple · 2023 Q2,1,0,1
Parra · Multiple · 2024 Q4,116,1,117
Parra · Multiple · 2025 Q3,208,16,224
Parra · Multiple · 2026 Q3,42,0,42
Paul Insect · Multiple · 2024 Q3,55,0,55
Paul Insect · Prismatic Visions · 2026 Q2,14,0,14
Pejac · Multiple · 2024 Q3,577,86,681
Pejac · Multiple · 2026 Q1,97,0,97
Peter Halley · Rising High II · 2024 Q2,3,0,3
Piet Mondrian Estate · Multiple · 2026 Q3,236,43,292
Prune Nourry · Mater Earth · 2023 Q1,9,0,9
Robert Longo · Multiple · 2025 Q2,1180,134,1428
"Robert Longo · Untitled (Sandy, from the series “Men in the Cities”) · 2026 Q3",26,0,26
Roby Dwi Antono · CLEMENTINE · 2023 Q4,31,0,31
Roby Dwi Antono · HAYU · 2023 Q1,20,0,20
Rooo Lou · Earnest · 2023 Q2,9,0,9
SETH · Little Sower · 2023 Q4,13,1,14
Salvador Dali Estate · Multiple · 2026 Q3,386,62,473
Sayre Gomez · America's Tire · 2025 Q2,5,0,5
Shigeki Matsuyama · Multiple · 2023 Q2,1,0,1
Shirin Neshat · Multiple · 2025 Q1,391,30,440
Shirin Neshat · Multiple · 2026 Q2,228,57,322
Slawn · Ugly Bastard · 2024 Q3,86,0,86
Snowfro · Chromie Squiggle #8107 · 2023 Q4,235,16,259
So Youn Lee · Ready? · 2023 Q4,22,0,22
TIDE · Multiple · 2024 Q4,10,0,10
Takahiro Komuro · Sphinx - Kira · 2023 Q4,1,0,1
Takashi Murakami · Multiple · 2026 Q2,331,55,401
Taku Obata · B BOY JUSHI · 2025 Q1,91,0,91
Taku Obata · B BOY SEIDOU · 2024 Q4,15,0,15
Taylor Lee · Multiple · 2023 Q4,5,1,7
Tomokazu Matsuyama · Morning Sun Dance · 2025 Q3,11,1,17
Tomokazu Matsuyama · Perfect All Alone Ironic · 2023 Q4,17,0,17
Tomás Sánchez · Inner Love · 2024 Q1,588,24,624
Tomás Sánchez · Multiple · 2025 Q1,582,180,790
Tomás Sánchez · Multiple · 2026 Q1,600,53,665
Tschabalala Self · Multiple · 2023 Q3,2,0,2
Tschabalala Self · Multiple · 2026 Q3,84,2,86
Urs Fischer · Multiple · 2026 Q2,27,3,30
Vhils · Multiple · 2024 Q3,225,6,231
"Wang Zhibo · 15℃, Nationalistic Optimism by the Sea · 2024 Q3",1,0,1
Will Cotton · The Cowgirl · 2025 Q1,79,0,79
William Blake · Multiple · 2025 Q4,1,0,1
William Mapan · Centrifuge · 2024 Q1,22,0,22
Woo Kuk Won · Multiple · 2024 Q4,22,1,23
Woo Kuk Won · Multiple · 2025 Q3,32,2,34
Yoon Hyup · Ambre Roulette · 2026 Q3,53,0,53
Yoon Hyup · City Fountain · 2024 Q3,99,0,99
Yoon Hyup · In The City · 2023 Q4,123,0,123
Yoon Hyup · Summer in San Sebastian · 2025 Q3,90,0,90
Yu Nagaba · Fishbowl · 2023 Q1,352,22,378
Yutaka Hashimoto · Study_for_Null_Portrait of someone#166 · 2024 Q1,27,0,27
Zeng Fanzhi · Multiple · 2026 Q3,11,1,12
Zeng Fanzhi · Rainbow (Mask Series 1997 no.8) · 2026 Q3,75,1,76
Zhang Ruyi · Forced Separation · 2024 Q3,3,0,3
